"Test Results for Recipe KI35 | USPs on PLPs | ALL | CRO-6718"
"Export Date","2026-03-02 17:02:50 UTC+00:00"
"Report Date Range","2026-02-04 07:25:22 UTC+00:00 - 2026-03-02 23:59:59 UTC+00:00"
"Test Type","A/B test"
"Started on","2026-02-04 07:25:22 UTC+00:00"
"Report Segment","All Experience's visitors"
"Order Value Outlier Processing",none
"Products Count Outlier Processing",none

Timestamp,"Variation Id",Event,"Goal Ids",Revenue,"Products Ordered",Browser,Country
1772470741353,1004436128,conversion,1004106427,,,chrome,ZA
1772469771908,1004436127,conversion,1004106427,,,chrome,ZA
1772469678277,1004436127,conversion,1004106427,,,safari,ZA
1772468704924,1004436127,conversion,1004106427,,,safari,ZA
1772467982295,1004436128,conversion,1004106427,,,chrome,ZA
1772467602362,1004436127,conversion,1004106427,,,chrome,ZA
1772466936844,1004436128,conversion,1004106427,,,safari,ZA
1772466273952,1004436128,conversion,1004106427,,,chrome,ZA
1772465818596,1004436128,conversion,1004106427,,,safari,ZA
1772465750359,1004436128,conversion,1004106427,,,safari,ZA
1772464642794,1004436127,conversion,1004106427,,,safari,ZA
1772463440705,1004436128,conversion,1004106427,,,chrome,ZA
1772462969619,1004436128,conversion,1004106427,,,safari,ZA
1772461795635,1004436128,conversion,1004106427,,,chrome,ZA
1772461487495,1004436128,conversion,1004106427,,,safari,ZA
1772461285078,1004436127,conversion,1004106427,,,edge,ZA
1772460628350,1004436127,conversion,1004106427,,,safari,ZA
1772460413118,1004436127,conversion,1004106427,,,safari,ZA
1772460259528,1004436128,conversion,1004106427,,,chrome,ZA
1772460054877,1004436128,conversion,1004106427,,,chrome,ZA
1772460029128,1004436128,conversion,1004106427,,,safari,ZA
1772460020350,1004436127,conversion,1004106427,,,chrome,ZA
1772459701854,1004436128,conversion,1004106427,,,chrome,ZA
1772459422068,1004436128,conversion,1004106427,,,chrome,ZA
1772459010710,1004436128,conversion,1004106427,,,chrome,ZA
1772459002727,1004436127,conversion,1004106427,,,safari,ZA
1772458886891,1004436127,conversion,1004106427,,,chrome,ZA
1772458559606,1004436128,conversion,1004106427,,,chrome,ZA
1772457738626,1004436127,conversion,1004106427,,,chrome,ZA
1772457732024,1004436128,conversion,1004106427,,,safari,ZA
1772457674384,1004436127,conversion,1004106427,,,firefox,ZA
1772456000134,1004436127,conversion,1004106427,,,safari,ZA
1772455705526,1004436128,conversion,1004106427,,,safari,ZA
1772455304941,1004436128,conversion,1004106427,,,chrome,ZA
1772454988638,1004436127,conversion,1004106427,,,chrome,ZA
1772454730281,1004436127,conversion,1004106427,,,chrome,US
1772454049278,1004436128,conversion,1004106427,,,chrome,ZA
1772453941183,1004436127,conversion,1004106427,,,safari,ZA
1772453771593,1004436128,conversion,1004106427,,,firefox,ZA
1772453689518,1004436128,conversion,1004106427,,,chrome,ZA
1772453097523,1004436128,conversion,1004106427,,,safari,ZA
1772452560843,1004436128,conversion,1004106427,,,chrome,ZA
1772452359990,1004436128,conversion,1004106427,,,chrome,ZA
1772452217664,1004436128,conversion,1004106427,,,safari,ZA
1772452195918,1004436128,conversion,1004106427,,,edge,ZA
1772452058059,1004436127,conversion,1004106427,,,chrome,ZA
1772451642607,1004436127,conversion,1004106427,,,chrome,ZA
1772451237122,1004436128,conversion,1004106427,,,edge,ZA
1772451058054,1004436127,conversion,1004106427,,,safari,ZA
1772450986472,1004436128,conversion,1004106427,,,safari,ZA
1772450491379,1004436127,conversion,1004106427,,,safari,ZA
1772450479564,1004436128,conversion,1004106427,,,chrome,ZA
1772450424303,1004436127,conversion,1004106427,,,chrome,ZA
1772449772898,1004436127,conversion,1004106427,,,chrome,ZA
1772448935789,1004436128,conversion,1004106427,,,chrome,ZA
1772448437216,1004436128,conversion,1004106427,,,chrome,ZA
1772447838430,1004436127,conversion,1004106427,,,chrome,ZA
1772447822721,1004436127,conversion,1004106427,,,chrome,ZA
1772447244519,1004436127,conversion,1004106427,,,edge,ZA
1772447220528,1004436127,conversion,1004106427,,,edge,ZA
1772446932611,1004436127,conversion,1004106427,,,safari,ZA
1772445669206,1004436127,conversion,1004106427,,,chrome,ZA
1772445659198,1004436128,conversion,1004106427,,,chrome,ZA
1772445539293,1004436127,conversion,1004106427,,,chrome,ZA
1772445497380,1004436128,conversion,1004106427,,,safari,ZA
1772445324879,1004436127,conversion,1004106427,,,chrome,ZA
1772445303456,1004436128,conversion,1004106427,,,chrome,ZA
1772445199202,1004436128,conversion,1004106427,,,safari,ZA
1772445174866,1004436127,conversion,1004106427,,,chrome,ZA
1772445111347,1004436127,conversion,1004106427,,,safari,ZA
1772444836668,1004436127,conversion,1004106427,,,chrome,ZA
1772444770614,1004436128,conversion,1004106427,,,edge,ZA
1772444672863,1004436127,conversion,1004106427,,,chrome,ZA
1772444625577,1004436127,conversion,1004106427,,,chrome,ZA
1772444293337,1004436127,conversion,1004106427,,,edge,ZA
1772443949428,1004436127,conversion,1004106427,,,chrome,ZA
1772443840633,1004436127,conversion,1004106427,,,chrome,ZA
1772443180235,1004436128,conversion,1004106427,,,chrome,ZA
1772443029528,1004436128,conversion,1004106427,,,chrome,ZA
1772442952539,1004436128,conversion,1004106427,,,safari,ZA
1772442916741,1004436128,conversion,1004106427,,,edge,ZA
1772442445504,1004436128,conversion,1004106427,,,chrome,ZA
1772441968737,1004436127,conversion,1004106427,,,chrome,ZA
1772441923073,1004436127,conversion,1004106427,,,safari,ZA
1772441702884,1004436128,conversion,1004106427,,,chrome,ZA
1772440797864,1004436127,conversion,1004106427,,,safari,ZA
1772440726586,1004436128,conversion,1004106427,,,chrome,ZA
1772440661955,1004436127,conversion,1004106427,,,chrome,ZA
1772440633097,1004436128,conversion,1004106427,,,chrome,ZA
1772440530227,1004436128,conversion,1004106427,,,safari,ZA
1772440047165,1004436127,conversion,1004106427,,,edge,ZA
1772440040242,1004436127,conversion,1004106427,,,chrome,ZA
1772439261893,1004436127,conversion,1004106427,,,chrome,ZA
1772438869316,1004436127,conversion,1004106427,,,chrome,ZA
1772438024426,1004436128,conversion,1004106427,,,chrome,ZA
1772437946695,1004436127,conversion,1004106427,,,safari,ZA
1772437823779,1004436127,conversion,1004106427,,,chrome,ZA
1772437805170,1004436127,conversion,1004106427,,,edge,ZA
1772437272350,1004436127,conversion,1004106427,,,chrome,ZA
1772436986569,1004436128,conversion,1004106427,,,edge,ZA
1772436786732,1004436128,conversion,1004106427,,,safari,ZA
1772436711078,1004436127,conversion,1004106427,,,chrome,ZA
1772436710154,1004436128,conversion,1004106427,,,chrome,ZA
1772436386102,1004436127,conversion,1004106427,,,chrome,ZA
1772436121522,1004436128,conversion,1004106427,,,edge,ZA
1772435445223,1004436128,conversion,1004106427,,,safari,ZA
1772435103842,1004436127,conversion,1004106427,,,chrome,ZA
1772435021108,1004436127,conversion,1004106427,,,chrome,ZA
1772434897412,1004436127,conversion,1004106427,,,chrome,ZA
1772434186174,1004436127,conversion,1004106427,,,safari,ZA
1772433943332,1004436128,conversion,1004106427,,,chrome,ZA
1772433832443,1004436128,conversion,1004106427,,,safari,ZA
1772432866541,1004436127,conversion,1004106427,,,safari,ZA
1772431585248,1004436127,conversion,1004106427,,,safari,ZA
1772431507192,1004436128,conversion,1004106427,,,safari,ZA
1772430934200,1004436127,conversion,1004106427,,,safari,ZA
1772429957841,1004436128,conversion,1004106427,,,edge,ZA
1772429095926,1004436127,conversion,1004106427,,,safari,ZA
1772428279591,1004436128,conversion,1004106427,,,safari,ZA
1772428071806,1004436128,conversion,1004106427,,,safari,ZA
1772425938257,1004436127,conversion,1004106427,,,safari,ZA
1772424952080,1004436128,conversion,1004106427,,,safari,ZA
1772424526216,1004436127,conversion,1004106427,,,chrome,ZA
1772423218781,1004436128,conversion,1004106427,,,chrome,ZA
1772421698012,1004436128,conversion,1004106427,,,safari,ZA
1772410398033,1004436128,conversion,1004106427,,,chrome,ZA
1772402755081,1004436127,conversion,1004106427,,,safari,ZA
1772397664599,1004436127,conversion,1004106427,,,safari,ZA
1772397096329,1004436127,conversion,1004106427,,,chrome,ZA
1772396143295,1004436128,conversion,1004106427,,,safari,ZA
1772394434128,1004436128,conversion,1004106427,,,safari,ZA
1772394380111,1004436127,conversion,1004106427,,,safari,ZA
1772394297561,1004436128,conversion,1004106427,,,chrome,ZA
1772393985058,1004436127,conversion,1004106427,,,chrome,ZA
1772393891704,1004436128,conversion,1004106427,,,safari,ZA
1772392941923,1004436127,conversion,1004106427,,,chrome,ZA
1772392939423,1004436127,conversion,1004106427,,,chrome,ZA
1772392931109,1004436128,conversion,1004106427,,,safari,ZA
1772391678748,1004436128,conversion,1004106427,,,safari,ZA
1772391343513,1004436128,conversion,1004106427,,,safari,GB
1772391227092,1004436127,conversion,1004106427,,,safari,ZA
1772391102603,1004436127,conversion,1004106427,,,safari,ZA
1772390221852,1004436128,conversion,1004106427,,,safari,ZA
1772388732255,1004436128,conversion,1004106427,,,safari,ZA
1772388445333,1004436128,conversion,1004106427,,,safari,ZA
1772388342011,1004436127,conversion,1004106427,,,safari,ZA
1772388169441,1004436127,conversion,1004106427,,,safari,ZA
1772387369748,1004436127,conversion,1004106427,,,chrome,ZA
1772387218147,1004436127,conversion,1004106427,,,chrome,ZA
1772387209851,1004436128,conversion,1004106427,,,safari,ZA
1772387083203,1004436127,conversion,1004106427,,,safari,ZA
1772386913926,1004436127,conversion,1004106427,,,safari,ZA
1772386913376,1004436127,conversion,1004106427,,,safari,ZA
1772385981840,1004436128,conversion,1004106427,,,safari,ZA
1772384467009,1004436128,conversion,1004106427,,,safari,ZA
1772383587283,1004436128,conversion,1004106427,,,safari,ZA
1772382968723,1004436128,conversion,1004106427,,,chrome,ZA
1772382693176,1004436128,conversion,1004106427,,,safari,ZA
1772382010422,1004436128,conversion,1004106427,,,edge,ZA
1772381916020,1004436128,conversion,1004106427,,,chrome,ZA
1772381760937,1004436127,conversion,1004106427,,,chrome,ZA
1772381545332,1004436128,conversion,1004106427,,,chrome,ZA
1772381531997,1004436128,conversion,1004106427,,,safari,ZA
1772381194625,1004436127,conversion,1004106427,,,chrome,ZA
1772380476595,1004436128,conversion,1004106427,,,chrome,ZA
1772379925970,1004436128,conversion,1004106427,,,safari,ZA
1772379190502,1004436128,conversion,1004106427,,,safari,ZA
1772378825971,1004436128,conversion,1004106427,,,chrome,ZA
1772378603747,1004436127,conversion,1004106427,,,chrome,ZA
1772377882475,1004436128,conversion,1004106427,,,chrome,IE
1772377632807,1004436128,conversion,1004106427,,,safari,ZA
1772377516509,1004436127,conversion,1004106427,,,chrome,ZA
1772377355208,1004436127,conversion,1004106427,,,chrome,ZA
1772377130883,1004436127,conversion,1004106427,,,safari,ZA
1772376901003,1004436128,conversion,1004106427,,,safari,ZA
1772376771136,1004436128,conversion,1004106427,,,safari,ZA
1772376523427,1004436127,conversion,1004106427,,,safari,ZA
1772376322802,1004436127,conversion,1004106427,,,safari,ZA
1772376126409,1004436127,conversion,1004106427,,,chrome,ZA
1772375321379,1004436128,conversion,1004106427,,,chrome,ZA
1772375121418,1004436128,conversion,1004106427,,,chrome,ZA
1772375009299,1004436127,conversion,1004106427,,,chrome,ZA
1772374893772,1004436128,conversion,1004106427,,,safari,ZA
1772374855966,1004436128,conversion,1004106427,,,chrome,ZA
1772373257266,1004436127,conversion,1004106427,,,safari,ZA
1772373148149,1004436128,conversion,1004106427,,,safari,ZA
1772373015672,1004436128,conversion,1004106427,,,chrome,ZA
1772373000542,1004436128,conversion,1004106427,,,safari,ZA
1772372684517,1004436127,conversion,1004106427,,,chrome,ZA
1772372197829,1004436127,conversion,1004106427,,,chrome,ZA
1772372155667,1004436128,conversion,1004106427,,,chrome,ZA
1772371696753,1004436128,conversion,1004106427,,,chrome,ZA
1772371182083,1004436127,conversion,1004106427,,,safari,ZA
1772370497106,1004436127,conversion,1004106427,,,safari,ZA
1772370261235,1004436128,conversion,1004106427,,,safari,ZA
1772370162278,1004436128,conversion,1004106427,,,chrome,ZA
1772366930635,1004436127,conversion,1004106427,,,safari,ZA
1772366805335,1004436127,conversion,1004106427,,,safari,ZA
1772366322577,1004436127,conversion,1004106427,,,chrome,ZA
1772365582673,1004436127,conversion,1004106427,,,safari,ZA
1772365165234,1004436128,conversion,1004106427,,,chrome,ZA
1772364862922,1004436127,conversion,1004106427,,,safari,DE
1772364753236,1004436127,conversion,1004106427,,,chrome,ZA
1772364072534,1004436127,conversion,1004106427,,,chrome,ZA
1772364068027,1004436127,conversion,1004106427,,,safari,ZA
1772363220155,1004436128,conversion,1004106427,,,safari,ZA
1772361885082,1004436128,conversion,1004106427,,,safari,ZA
1772361438066,1004436128,conversion,1004106427,,,safari,ZA
1772361274601,1004436127,conversion,1004106427,,,safari,ZA
1772360378710,1004436128,conversion,1004106427,,,chrome,ZA
1772360169665,1004436128,conversion,1004106427,,,safari,ZA
1772360136339,1004436127,conversion,1004106427,,,safari,ZA
1772359332456,1004436127,conversion,1004106427,,,safari,ZA
1772357568914,1004436127,conversion,1004106427,,,chrome,ZA
1772357019258,1004436128,conversion,1004106427,,,chrome,ZA
1772356320794,1004436127,conversion,1004106427,,,safari,ZA
1772356067795,1004436127,conversion,1004106427,,,chrome,ZA
1772354932700,1004436128,conversion,1004106427,,,chrome,ZA
1772354793705,1004436128,conversion,1004106427,,,safari,ZA
1772354576706,1004436127,conversion,1004106427,,,safari,DE
1772354363004,1004436128,conversion,1004106427,,,safari,ZA
1772354132296,1004436127,conversion,1004106427,,,chrome,ZA
1772353603371,1004436127,conversion,1004106427,,,chrome,ZA
1772353341896,1004436127,conversion,1004106427,,,chrome,ZA
1772352026700,1004436128,conversion,1004106427,,,safari,ZA
1772351996488,1004436127,conversion,1004106427,,,chrome,NL
1772351980023,1004436128,conversion,1004106427,,,safari,ZA
1772351178715,1004436128,conversion,1004106427,,,safari,ZA
1772348932720,1004436128,conversion,1004106427,,,chrome,ZA
1772348750575,1004436128,conversion,1004106427,,,chrome,ZA
1772348680743,1004436127,conversion,1004106427,,,chrome,ZA
1772347629618,1004436127,conversion,1004106427,,,safari,ZA
1772347042358,1004436128,conversion,1004106427,,,safari,ZA
1772346562856,1004436128,conversion,1004106427,,,safari,ZA
1772344656271,1004436128,conversion,1004106427,,,chrome,ZA
1772341527359,1004436128,conversion,1004106427,,,safari,ZA
1772340786693,1004436127,conversion,1004106427,,,chrome,ZA
1772336870868,1004436128,conversion,1004106427,,,safari,ZA
1772319585287,1004436127,conversion,1004106427,,,chrome,ZA
1772313187718,1004436127,conversion,1004106427,,,safari,ZA
1772306533460,1004436128,conversion,1004106427,,,safari,ZA
1772303688851,1004436128,conversion,1004106427,,,safari,ZA
1772302166086,1004436128,conversion,1004106427,,,safari,ZA
1772301923417,1004436127,conversion,1004106427,,,safari,ZA
1772301217698,1004436128,conversion,1004106427,,,chrome,ZA
1772298945181,1004436127,conversion,1004106427,,,safari,ZA
1772292180878,1004436128,conversion,1004106427,,,chrome,ZA
1772291943614,1004436128,conversion,1004106427,,,chrome,ZA
1772290607636,1004436127,conversion,1004106427,,,chrome,ZA
1772290554279,1004436127,conversion,1004106427,,,chrome,ZA
1772289327767,1004436127,conversion,1004106427,,,safari,ZA
1772289028313,1004436128,conversion,1004106427,,,safari,ZA
1772287997150,1004436128,conversion,1004106427,,,chrome,ZA
1772287782911,1004436127,conversion,1004106427,,,chrome,ZA
1772287529990,1004436127,conversion,1004106427,,,chrome,ZA
1772286805945,1004436127,conversion,1004106427,,,safari,ZA
1772286542896,1004436128,conversion,1004106427,,,safari,ZA
1772285025963,1004436127,conversion,1004106427,,,safari,ZA
1772282680476,1004436128,conversion,1004106427,,,chrome,ZA
1772282238180,1004436127,conversion,1004106427,,,safari,ZA
1772282142886,1004436128,conversion,1004106427,,,safari,NL
1772281578401,1004436127,conversion,1004106427,,,safari,ZA
1772281134738,1004436127,conversion,1004106427,,,safari,ZA
1772280721696,1004436128,conversion,1004106427,,,safari,ZA
1772279671047,1004436127,conversion,1004106427,,,chrome,ZA
1772279536168,1004436128,conversion,1004106427,,,safari,ZA
1772279380497,1004436127,conversion,1004106427,,,chrome,ZA
1772279018688,1004436127,conversion,1004106427,,,chrome,ZA
1772278953486,1004436128,conversion,1004106427,,,safari,NG
1772278879983,1004436127,conversion,1004106427,,,safari,ZA
1772277405163,1004436128,conversion,1004106427,,,safari,ZA
1772276594570,1004436128,conversion,1004106427,,,chrome,ZA
1772276115125,1004436127,conversion,1004106427,,,chrome,ZA
1772275605033,1004436127,conversion,1004106427,,,safari,ZA
1772274749208,1004436127,conversion,1004106427,,,chrome,ZA
1772274422918,1004436128,conversion,1004106427,,,safari,ZA
1772273733439,1004436128,conversion,1004106427,,,safari,ZA
1772273394997,1004436128,conversion,1004106427,,,chrome,ZA
1772271902130,1004436128,conversion,1004106427,,,chrome,ZA
1772271432091,1004436127,conversion,1004106427,,,chrome,ZA
1772271273718,1004436128,conversion,1004106427,,,safari,ZA
1772271142200,1004436127,conversion,1004106427,,,chrome,ZA
1772271010561,1004436128,conversion,1004106427,,,chrome,ZA
1772270524500,1004436127,conversion,1004106427,,,safari,ZA
1772269247169,1004436127,conversion,1004106427,,,safari,ZA
1772268303374,1004436128,conversion,1004106427,,,safari,ZA
1772268197840,1004436127,conversion,1004106427,,,safari,DE
1772268041863,1004436128,conversion,1004106427,,,edge,GB
1772267651162,1004436128,conversion,1004106427,,,chrome,ZA
1772267445745,1004436128,conversion,1004106427,,,safari,ZA
1772266852548,1004436128,conversion,1004106427,,,safari,ZA
1772266718714,1004436128,conversion,1004106427,,,safari,ZA
1772265908516,1004436127,conversion,1004106427,,,safari,ZA
1772265259764,1004436127,conversion,1004106427,,,chrome,ZM
1772265084758,1004436128,conversion,1004106427,,,chrome,ZA
1772264924823,1004436127,conversion,1004106427,,,safari,ZA
1772264743867,1004436127,conversion,1004106427,,,chrome,ZA
1772264056424,1004436128,conversion,1004106427,,,safari,ZA
1772262928168,1004436127,conversion,1004106427,,,chrome,ZA
1772262568705,1004436127,conversion,1004106427,,,safari,ZA
1772262034640,1004436127,conversion,1004106427,,,chrome,ZA
1772261832538,1004436127,conversion,1004106427,,,safari,ZA
1772260864681,1004436128,conversion,1004106427,,,chrome,ZA
1772260208251,1004436127,conversion,1004106427,,,safari,ZA
1772260122540,1004436127,conversion,1004106427,,,safari,ZA
1772259318569,1004436128,conversion,1004106427,,,safari,ZA
1772258483813,1004436127,conversion,1004106427,,,chrome,ZA
1772257867081,1004436127,conversion,1004106427,,,safari,ZA
1772257710379,1004436127,conversion,1004106427,,,safari,ZA
1772255633554,1004436128,conversion,1004106427,,,chrome,ZA
1772255239978,1004436127,conversion,1004106427,,,chrome,ZA
1772255231274,1004436128,conversion,1004106427,,,safari,ZA
1772247805710,1004436127,conversion,1004106427,,,chrome,ZA
1772238726320,1004436127,conversion,1004106427,,,chrome,ZA
1772234857120,1004436127,conversion,1004106427,,,chrome,US
1772230382201,1004436127,conversion,1004106427,,,chrome,AT
1772229110810,1004436128,conversion,1004106427,,,safari,ZA
1772225137158,1004436127,conversion,1004106427,,,safari,ZA
1772222760590,1004436127,conversion,1004106427,,,chrome,ZA
1772222483210,1004436128,conversion,1004106427,,,safari,ZA
1772222192327,1004436128,conversion,1004106427,,,chrome,ZA
1772221619234,1004436128,conversion,1004106427,,,chrome,ZA
1772221263202,1004436128,conversion,1004106427,,,safari,ZA
1772217440934,1004436128,conversion,1004106427,,,chrome,US
1772216070209,1004436127,conversion,1004106427,,,safari,ZA
1772214873865,1004436128,conversion,1004106427,,,safari,ZA
1772213277787,1004436127,conversion,1004106427,,,safari,ZA
1772213084466,1004436128,conversion,1004106427,,,safari,ZA
1772211608638,1004436128,conversion,1004106427,,,chrome,ZA
1772209532587,1004436128,conversion,1004106427,,,safari,ZA
1772209065726,1004436128,conversion,1004106427,,,safari,ZA
1772208820449,1004436128,conversion,1004106427,,,safari,ZA
1772207175420,1004436127,conversion,1004106427,,,safari,ZA
1772206766978,1004436127,conversion,1004106427,,,chrome,ZA
1772206543815,1004436127,conversion,1004106427,,,safari,ZA
1772205372621,1004436128,conversion,1004106427,,,edge,ZA
1772204430198,1004436127,conversion,1004106427,,,safari,ZA
1772203880731,1004436127,conversion,1004106427,,,chrome,ZA
1772203591977,1004436128,conversion,1004106427,,,chrome,ZA
1772203128583,1004436127,conversion,1004106427,,,chrome,ZA
1772202866511,1004436128,conversion,1004106427,,,safari,ZA
1772202855138,1004436127,conversion,1004106427,,,safari,GB
1772200170972,1004436127,conversion,1004106427,,,safari,ZA
1772199951891,1004436127,conversion,1004106427,,,chrome,IE
1772199438762,1004436128,conversion,1004106427,,,safari,ZA
1772198406053,1004436128,conversion,1004106427,,,chrome,ZA
1772197912681,1004436127,conversion,1004106427,,,safari,ZA
1772197896090,1004436128,conversion,1004106427,,,safari,ZA
1772197862981,1004436128,conversion,1004106427,,,safari,ZA
1772196111024,1004436128,conversion,1004106427,,,chrome,ZA
1772195988386,1004436127,conversion,1004106427,,,chrome,ZA
1772195050262,1004436127,conversion,1004106427,,,edge,ZA
1772194714790,1004436127,conversion,1004106427,,,chrome,ZA
1772194426267,1004436128,conversion,1004106427,,,chrome,ZA
1772192952541,1004436128,conversion,1004106427,,,safari,ZA
1772192690345,1004436127,conversion,1004106427,,,safari,ZA
1772192685319,1004436128,conversion,1004106427,,,safari,GB
1772191378570,1004436127,conversion,1004106427,,,chrome,ZA
1772190606942,1004436127,conversion,1004106427,,,safari,ZA
1772190115987,1004436127,conversion,1004106427,,,chrome,ZA
1772188482287,1004436128,conversion,1004106427,,,chrome,ZA
1772188339139,1004436128,conversion,1004106427,,,chrome,ZA
1772186730502,1004436128,conversion,1004106427,,,edge,ZA
1772186667255,1004436128,conversion,1004106427,,,edge,ZA
1772185644952,1004436127,conversion,1004106427,,,chrome,ZA
1772185412792,1004436127,conversion,1004106427,,,safari,ZA
1772184589477,1004436127,conversion,1004106427,,,safari,ZA
1772183183110,1004436127,conversion,1004106427,,,safari,ZA
1772183157077,1004436128,conversion,1004106427,,,edge,ZA
1772182592426,1004436127,conversion,1004106427,,,safari,ZA
1772182402534,1004436128,conversion,1004106427,,,chrome,ZA
1772181951648,1004436128,conversion,1004106427,,,chrome,ZA
1772181760565,1004436127,conversion,1004106427,,,chrome,ZA
1772181678038,1004436128,conversion,1004106427,,,chrome,ZA
1772181653248,1004436127,conversion,1004106427,,,chrome,ZA
1772181629346,1004436127,conversion,1004106427,,,edge,ZA
1772181364489,1004436128,conversion,1004106427,,,safari,ZA
1772180877180,1004436127,conversion,1004106427,,,edge,ZA
1772179947224,1004436128,conversion,1004106427,,,chrome,ZA
1772179615238,1004436128,conversion,1004106427,,,chrome,ZA
1772179467428,1004436128,conversion,1004106427,,,chrome,ZA
1772177148183,1004436128,conversion,1004106427,,,edge,ZA
1772176600590,1004436128,conversion,1004106427,,,edge,ZA
1772176155411,1004436127,conversion,1004106427,,,edge,ZA
1772175916904,1004436128,conversion,1004106427,,,safari,ZA
1772175893405,1004436128,conversion,1004106427,,,edge,ZA
1772175809445,1004436128,conversion,1004106427,,,edge,ZA
1772175545407,1004436128,conversion,1004106427,,,safari,ZA
1772175414040,1004436128,conversion,1004106427,,,safari,ZA
1772175377615,1004436127,conversion,1004106427,,,chrome,ZA
1772175062924,1004436128,conversion,1004106427,,,edge,ZA
1772174904119,1004436128,conversion,1004106427,,,edge,ZA
1772173718995,1004436128,conversion,1004106427,,,edge,ZA
1772171316549,1004436127,conversion,1004106427,,,edge,ZA
1772170320449,1004436127,conversion,1004106427,,,safari,ZA
1772169951120,1004436127,conversion,1004106427,,,safari,ZA
1772169703918,1004436128,conversion,1004106427,,,chrome,ZA
1772167065277,1004436128,conversion,1004106427,,,chrome,ZA
1772162149918,1004436128,conversion,1004106427,,,safari,ZA
1772154140520,1004436128,conversion,1004106427,,,safari,ZA
1772147116925,1004436127,conversion,1004106427,,,chrome,ZA
1772146518565,1004436127,conversion,1004106427,,,safari,ZA
1772145762226,1004436128,conversion,1004106427,,,chrome,ZA
1772141801618,1004436128,conversion,1004106427,,,safari,ZA
1772139869850,1004436128,conversion,1004106427,,,safari,ZA
1772138014226,1004436127,conversion,1004106427,,,safari,ZA
1772135132884,1004436127,conversion,1004106427,,,safari,ZA
1772134922858,1004436128,conversion,1004106427,,,safari,ZA
1772134054599,1004436128,conversion,1004106427,,,safari,ZA
1772133900726,1004436128,conversion,1004106427,,,safari,ZA
1772133449121,1004436128,conversion,1004106427,,,chrome,ZA
1772133116871,1004436128,conversion,1004106427,,,safari,ZA
1772132777961,1004436128,conversion,1004106427,,,chrome,ZA
1772132294610,1004436127,conversion,1004106427,,,safari,ZA
1772130720711,1004436127,conversion,1004106427,,,chrome,ZA
1772130353164,1004436128,conversion,1004106427,,,safari,ZA
1772130053057,1004436128,conversion,1004106427,,,safari,ZA
1772129768095,1004436128,conversion,1004106427,,,safari,ZA
1772129740977,1004436128,conversion,1004106427,,,safari,ZA
1772129632937,1004436127,conversion,1004106427,,,safari,ZA
1772129487559,1004436128,conversion,1004106427,,,safari,ZA
1772128884909,1004436128,conversion,1004106427,,,safari,ZA
1772128672949,1004436128,conversion,1004106427,,,chrome,ZA
1772128521703,1004436127,conversion,1004106427,,,chrome,ZA
1772128119230,1004436128,conversion,1004106427,,,chrome,ZA
1772127984489,1004436128,conversion,1004106427,,,chrome,ZA
1772127977720,1004436128,conversion,1004106427,,,safari,ZA
1772126980876,1004436127,conversion,1004106427,,,chrome,ZA
1772126841792,1004436127,conversion,1004106427,,,safari,ZA
1772126226740,1004436127,conversion,1004106427,,,safari,ZA
1772126166029,1004436127,conversion,1004106427,,,safari,ZA
1772125193375,1004436128,conversion,1004106427,,,chrome,ZA
1772125167174,1004436128,conversion,1004106427,,,chrome,ZA
1772124867832,1004436128,conversion,1004106427,,,safari,ZA
1772123902457,1004436128,conversion,1004106427,,,safari,ZA
1772123138443,1004436127,conversion,1004106427,,,edge,SG
1772123013353,1004436127,conversion,1004106427,,,chrome,ZA
1772122203076,1004436128,conversion,1004106427,,,chrome,ZA
1772121035665,1004436127,conversion,1004106427,,,safari,ZA
1772120502975,1004436128,conversion,1004106427,,,chrome,ZA
1772119670247,1004436127,conversion,1004106427,,,safari,ZA
1772119167383,1004436128,conversion,1004106427,,,chrome,DE
1772117812284,1004436128,conversion,1004106427,,,safari,ZA
1772117349853,1004436127,conversion,1004106427,,,chrome,ZA
1772117189115,1004436127,conversion,1004106427,,,safari,ZA
1772116963250,1004436127,conversion,1004106427,,,chrome,ZA
1772115784166,1004436127,conversion,1004106427,,,chrome,ZA
1772115626194,1004436127,conversion,1004106427,,,chrome,ZA
1772115625415,1004436128,conversion,1004106427,,,chrome,ZA
1772114800303,1004436127,conversion,1004106427,,,chrome,ZA
1772114501401,1004436128,conversion,1004106427,,,safari,SG
1772114185728,1004436128,conversion,1004106427,,,safari,ZA
1772114058692,1004436127,conversion,1004106427,,,edge,ZA
1772113699846,1004436127,conversion,1004106427,,,chrome,NA
1772113639257,1004436127,conversion,1004106427,,,safari,ZA
1772113099684,1004436127,conversion,1004106427,,,chrome,ZA
1772112675617,1004436128,conversion,1004106427,,,chrome,ZA
1772111925026,1004436127,conversion,1004106427,,,chrome,ZA
1772111852790,1004436127,conversion,1004106427,,,chrome,ZA
1772111772238,1004436127,conversion,1004106427,,,edge,ZA
1772109979888,1004436127,conversion,1004106427,,,chrome,ZA
1772107348748,1004436127,conversion,1004106427,,,safari,ZA
1772107134895,1004436128,conversion,1004106427,,,chrome,ZA
1772106904507,1004436128,conversion,1004106427,,,safari,ZA
1772106816995,1004436128,conversion,1004106427,,,chrome,ZA
1772106679451,1004436127,conversion,1004106427,,,safari,ZA
1772106420749,1004436128,conversion,1004106427,,,safari,ZA
1772106321083,1004436128,conversion,1004106427,,,safari,ZA
1772106068070,1004436127,conversion,1004106427,,,chrome,ZA
1772105951423,1004436127,conversion,1004106427,,,chrome,ZA
1772105844751,1004436127,conversion,1004106427,,,chrome,ZA
1772105479423,1004436127,conversion,1004106427,,,firefox,ZA
1772104989056,1004436128,conversion,1004106427,,,chrome,ZA
1772104602508,1004436127,conversion,1004106427,,,safari,ZA
1772104194895,1004436128,conversion,1004106427,,,safari,BE
1772104087149,1004436128,conversion,1004106427,,,edge,ZA
1772103242714,1004436128,conversion,1004106427,,,safari,ZA
1772102713656,1004436128,conversion,1004106427,,,safari,ZA
1772102549994,1004436128,conversion,1004106427,,,chrome,ZA
1772102484679,1004436127,conversion,1004106427,,,chrome,ZA
1772101872679,1004436128,conversion,1004106427,,,safari,ZA
1772101821399,1004436128,conversion,1004106427,,,chrome,ZA
1772101656946,1004436127,conversion,1004106427,,,edge,ZA
1772101064338,1004436128,conversion,1004106427,,,chrome,ZA
1772100774842,1004436127,conversion,1004106427,,,safari,ZA
1772100562267,1004436127,conversion,1004106427,,,safari,ZA
1772100232406,1004436127,conversion,1004106427,,,chrome,ZA
1772100197531,1004436127,conversion,1004106427,,,chrome,ZA
1772100180142,1004436127,conversion,1004106427,,,safari,ZA
1772100031203,1004436127,conversion,1004106427,,,chrome,ZA
1772099947034,1004436127,conversion,1004106427,,,safari,ZA
1772099899678,1004436128,conversion,1004106427,,,safari,ZA
1772099111009,1004436128,conversion,1004106427,,,safari,ZA
1772098631566,1004436128,conversion,1004106427,,,chrome,ZA
1772098563414,1004436127,conversion,1004106427,,,safari,ZA
1772098471296,1004436127,conversion,1004106427,,,chrome,ZA
1772098390932,1004436128,conversion,1004106427,,,chrome,ZA
1772098273881,1004436127,conversion,1004106427,,,chrome,ZA
1772098261435,1004436128,conversion,1004106427,,,chrome,ZA
1772098130533,1004436127,conversion,1004106427,,,safari,ZA
1772098123342,1004436127,conversion,1004106427,,,chrome,MZ
1772098013895,1004436127,conversion,1004106427,,,chrome,ZA
1772097949491,1004436127,conversion,1004106427,,,safari,ZA
1772097942197,1004436128,conversion,1004106427,,,chrome,ZA
1772097790026,1004436128,conversion,1004106427,,,safari,ZA
1772097741073,1004436127,conversion,1004106427,,,safari,ZA
1772097527093,1004436128,conversion,1004106427,,,safari,ZA
1772097390299,1004436127,conversion,1004106427,,,firefox,ZA
1772097268356,1004436127,conversion,1004106427,,,edge,ZA
1772097255549,1004436128,conversion,1004106427,,,safari,ZA
1772097049292,1004436127,conversion,1004106427,,,chrome,ZA
1772096615790,1004436127,conversion,1004106427,,,edge,ZA
1772096513735,1004436128,conversion,1004106427,,,edge,ZA
1772096439623,1004436128,conversion,1004106427,,,chrome,ZA
1772095963137,1004436127,conversion,1004106427,,,chrome,ZA
1772095682755,1004436128,conversion,1004106427,,,safari,ZA
1772095389264,1004436127,conversion,1004106427,,,safari,ZA
1772095108298,1004436127,conversion,1004106427,,,safari,ZA
1772094941321,1004436127,conversion,1004106427,,,safari,ZA
1772094564478,1004436128,conversion,1004106427,,,safari,ZA
1772094461875,1004436127,conversion,1004106427,,,edge,ZA
1772093952378,1004436127,conversion,1004106427,,,edge,ZA
1772093374960,1004436127,conversion,1004106427,,,safari,ZA
1772093279591,1004436127,conversion,1004106427,,,chrome,ZA
1772093247926,1004436127,conversion,1004106427,,,chrome,ZA
1772093212676,1004436127,conversion,1004106427,,,edge,ZA
1772093200308,1004436127,conversion,1004106427,,,chrome,ZA
1772093173685,1004436128,conversion,1004106427,,,chrome,ZA
1772093106547,1004436127,conversion,1004106427,,,chrome,ZA
1772093095076,1004436128,conversion,1004106427,,,safari,ZA
1772093064204,1004436127,conversion,1004106427,,,chrome,ZA
1772092182806,1004436127,conversion,1004106427,,,safari,ZA
1772092018387,1004436127,conversion,1004106427,,,chrome,ZA
1772091599592,1004436128,conversion,1004106427,,,edge,ZA
1772090955220,1004436128,conversion,1004106427,,,chrome,ZA
1772090914693,1004436127,conversion,1004106427,,,chrome,ZA
1772090845557,1004436127,conversion,1004106427,,,chrome,ZA
1772090332494,1004436128,conversion,1004106427,,,chrome,ZA
1772090308295,1004436127,conversion,1004106427,,,chrome,ZA
1772090107792,1004436128,conversion,1004106427,,,safari,ZA
1772090002923,1004436128,conversion,1004106427,,,chrome,ZA
1772089815926,1004436127,conversion,1004106427,,,chrome,ZA
1772089546193,1004436127,conversion,1004106427,,,chrome,ZA
1772088819235,1004436127,conversion,1004106427,,,safari,ZA
1772088733892,1004436128,conversion,1004106427,,,safari,ZA
1772088355137,1004436128,conversion,1004106427,,,safari,ZA
1772087578365,1004436127,conversion,1004106427,,,chrome,ZA
1772086891722,1004436128,conversion,1004106427,,,chrome,ZA
1772085553848,1004436128,conversion,1004106427,,,safari,ZA
1772085143805,1004436127,conversion,1004106427,,,edge,ZA
1772084893578,1004436127,conversion,1004106427,,,chrome,ZA
1772084750222,1004436127,conversion,1004106427,,,safari,ZA
1772081259477,1004436128,conversion,1004106427,,,firefox,ZA
1772081084579,1004436128,conversion,1004106427,,,chrome,ZA
1772079792745,1004436127,conversion,1004106427,,,chrome,ZA
1772079206874,1004436127,conversion,1004106427,,,chrome,ZA
1772079021726,1004436128,conversion,1004106427,,,safari,ZA
1772065901167,1004436128,conversion,1004106427,,,safari,ZA
1772056832441,1004436128,conversion,1004106427,,,chrome,ZA
1772053748777,1004436128,conversion,1004106427,,,safari,ZA
1772052610155,1004436127,conversion,1004106427,,,chrome,ZA
1772051911378,1004436127,conversion,1004106427,,,safari,ZA
1772051065016,1004436128,conversion,1004106427,,,safari,ZA
1772050805142,1004436127,conversion,1004106427,,,safari,ZA
1772050068473,1004436127,conversion,1004106427,,,chrome,ZA
1772049194040,1004436128,conversion,1004106427,,,safari,ZA
1772048248350,1004436128,conversion,1004106427,,,chrome,ZA
1772047344242,1004436128,conversion,1004106427,,,chrome,ZA
1772047279814,1004436128,conversion,1004106427,,,safari,ZA
1772046507878,1004436127,conversion,1004106427,,,safari,ZA
1772046367425,1004436127,conversion,1004106427,,,chrome,ZA
1772046354777,1004436128,conversion,1004106427,,,chrome,ZA
1772045405010,1004436128,conversion,1004106427,,,safari,ZA
1772045241651,1004436127,conversion,1004106427,,,safari,ZA
1772045038553,1004436128,conversion,1004106427,,,safari,ZA
1772044706175,1004436127,conversion,1004106427,,,chrome,ZA
1772044110336,1004436128,conversion,1004106427,,,safari,ZA
1772043915391,1004436127,conversion,1004106427,,,safari,ZA
1772043711686,1004436127,conversion,1004106427,,,safari,ZA
1772043498680,1004436128,conversion,1004106427,,,safari,ZA
1772042935383,1004436128,conversion,1004106427,,,chrome,ZA
1772041902887,1004436128,conversion,1004106427,,,chrome,ZA
1772041558012,1004436128,conversion,1004106427,,,chrome,ZA
1772041108137,1004436127,conversion,1004106427,,,safari,ZA
1772041057372,1004436128,conversion,1004106427,,,chrome,ZA
1772040727548,1004436128,conversion,1004106427,,,chrome,ZA
1772040431424,1004436128,conversion,1004106427,,,safari,ZA
1772039814883,1004436128,conversion,1004106427,,,chrome,ZA
1772039439920,1004436127,conversion,1004106427,,,chrome,ZA
1772039177437,1004436127,conversion,1004106427,,,safari,ZA
1772039164323,1004436127,conversion,1004106427,,,safari,ZA
1772038953390,1004436127,conversion,1004106427,,,safari,ZA
1772038378187,1004436128,conversion,1004106427,,,safari,ZA
1772037460413,1004436128,conversion,1004106427,,,safari,ZA
1772035844336,1004436127,conversion,1004106427,,,safari,ZA
1772035755511,1004436128,conversion,1004106427,,,chrome,ZA
1772034525212,1004436127,conversion,1004106427,,,safari,ZA
1772033936122,1004436128,conversion,1004106427,,,chrome,ZA
1772033862134,1004436128,conversion,1004106427,,,chrome,ZA
1772033594913,1004436128,conversion,1004106427,,,safari,ZA
1772032803880,1004436127,conversion,1004106427,,,safari,ZA
1772032051729,1004436127,conversion,1004106427,,,safari,ZA
1772031919158,1004436127,conversion,1004106427,,,edge,GB
1772031522653,1004436127,conversion,1004106427,,,safari,ZA
1772030105839,1004436127,conversion,1004106427,,,firefox,ZA
1772029850886,1004436127,conversion,1004106427,,,chrome,ZA
1772029662245,1004436127,conversion,1004106427,,,chrome,ZA
1772029595428,1004436127,conversion,1004106427,,,chrome,ZA
1772029445401,1004436127,conversion,1004106427,,,safari,ZA
1772029438269,1004436127,conversion,1004106427,,,safari,ZA
1772029296318,1004436128,conversion,1004106427,,,safari,ZA
1772029062415,1004436127,conversion,1004106427,,,safari,GB
1772028521173,1004436127,conversion,1004106427,,,chrome,ZA
1772028339203,1004436127,conversion,1004106427,,,chrome,ZA
1772028310635,1004436127,conversion,1004106427,,,chrome,ZA
1772027713910,1004436128,conversion,1004106427,,,safari,ZA
1772027476545,1004436127,conversion,1004106427,,,chrome,ZA
1772026983408,1004436128,conversion,1004106427,,,chrome,ZA
1772026712813,1004436127,conversion,1004106427,,,chrome,ZA
1772026521866,1004436127,conversion,1004106427,,,safari,ZA
1772026301951,1004436128,conversion,1004106427,,,edge,ZA
1772026171496,1004436128,conversion,1004106427,,,chrome,ZA
1772025029160,1004436127,conversion,1004106427,,,safari,ZA
1772024862655,1004436127,conversion,1004106427,,,chrome,ZA
1772024192101,1004436128,conversion,1004106427,,,safari,ZA
1772023584442,1004436127,conversion,1004106427,,,safari,ZA
1772023104606,1004436127,conversion,1004106427,,,safari,ZA
1772022202411,1004436127,conversion,1004106427,,,chrome,ZA
1772022032257,1004436128,conversion,1004106427,,,safari,ZA
1772021922876,1004436128,conversion,1004106427,,,safari,ZA
1772021275086,1004436127,conversion,1004106427,,,safari,NA
1772020655380,1004436128,conversion,1004106427,,,safari,ZA
1772020508206,1004436128,conversion,1004106427,,,chrome,ZA
1772020456432,1004436128,conversion,1004106427,,,chrome,ZA
1772020331378,1004436128,conversion,1004106427,,,chrome,ZA
1772019790512,1004436128,conversion,1004106427,,,safari,ZA
1772019564834,1004436128,conversion,1004106427,,,safari,ZA
1772019364023,1004436128,conversion,1004106427,,,chrome,ZA
1772019113643,1004436128,conversion,1004106427,,,chrome,ZA
1772019110836,1004436128,conversion,1004106427,,,edge,ZA
1772018378332,1004436128,conversion,1004106427,,,safari,ZA
1772018156414,1004436127,conversion,1004106427,,,safari,ZA
1772017768078,1004436128,conversion,1004106427,,,chrome,FR
1772017490635,1004436128,conversion,1004106427,,,safari,ZA
1772016973196,1004436128,conversion,1004106427,,,chrome,ZA
1772016205016,1004436128,conversion,1004106427,,,chrome,ZA
1772016121327,1004436127,conversion,1004106427,,,safari,ZA
1772016047257,1004436128,conversion,1004106427,,,chrome,ZA
1772016032202,1004436127,conversion,1004106427,,,chrome,ZA
1772015135826,1004436127,conversion,1004106427,,,chrome,ZA
1772015037011,1004436128,conversion,1004106427,,,chrome,ZA
1772014969167,1004436127,conversion,1004106427,,,chrome,ZA
1772014968850,1004436128,conversion,1004106427,,,chrome,ZA
1772014928395,1004436127,conversion,1004106427,,,safari,ZA
1772014910186,1004436128,conversion,1004106427,,,safari,ZA
1772014637574,1004436127,conversion,1004106427,,,firefox,ZA
1772014551649,1004436128,conversion,1004106427,,,chrome,ZA
1772014231563,1004436128,conversion,1004106427,,,edge,ZA
1772014179008,1004436128,conversion,1004106427,,,safari,ZA
1772014161118,1004436128,conversion,1004106427,,,safari,ZA
1772014103472,1004436128,conversion,1004106427,,,chrome,ZA
1772014049448,1004436128,conversion,1004106427,,,chrome,ZA
1772013946457,1004436128,conversion,1004106427,,,chrome,ZA
1772013629633,1004436127,conversion,1004106427,,,chrome,ZA
1772013483205,1004436127,conversion,1004106427,,,chrome,ZA
1772013464897,1004436127,conversion,1004106427,,,chrome,ZA
1772012243854,1004436128,conversion,1004106427,,,chrome,ZA
1772012005028,1004436127,conversion,1004106427,,,safari,ZA
1772011674334,1004436127,conversion,1004106427,,,chrome,ZA
1772011656914,1004436128,conversion,1004106427,,,safari,ZA
1772011299735,1004436128,conversion,1004106427,,,safari,ZA
1772011236424,1004436128,conversion,1004106427,,,chrome,ZA
1772011028792,1004436128,conversion,1004106427,,,edge,ZA
1772010905786,1004436128,conversion,1004106427,,,chrome,AT
1772010824031,1004436127,conversion,1004106427,,,chrome,ZA
1772009885841,1004436128,conversion,1004106427,,,chrome,ZA
1772009789697,1004436127,conversion,1004106427,,,chrome,ZA
1772009501071,1004436127,conversion,1004106427,,,chrome,ZA
1772008702308,1004436127,conversion,1004106427,,,edge,ZA
1772008651013,1004436127,conversion,1004106427,,,chrome,ZA
1772008562767,1004436128,conversion,1004106427,,,edge,ZA
1772008423409,1004436127,conversion,1004106427,,,safari,ZA
1772008384489,1004436127,conversion,1004106427,,,safari,ZA
1772008259925,1004436127,conversion,1004106427,,,chrome,ZA
1772008054634,1004436128,conversion,1004106427,,,chrome,ZA
1772008038321,1004436128,conversion,1004106427,,,chrome,ZA
1772007539746,1004436128,conversion,1004106427,,,safari,ZA
1772007062831,1004436127,conversion,1004106427,,,chrome,ZA
1772006900483,1004436128,conversion,1004106427,,,chrome,ZA
1772006869377,1004436128,conversion,1004106427,,,safari,ZA
1772006708697,1004436128,conversion,1004106427,,,safari,ZA
1772006675374,1004436128,conversion,1004106427,,,chrome,ZA
1772006655139,1004436127,conversion,1004106427,,,chrome,ZA
1772006392789,1004436127,conversion,1004106427,,,safari,ZA
1772006243082,1004436128,conversion,1004106427,,,firefox,ZA
1772006176267,1004436127,conversion,1004106427,,,firefox,ZA
1772006161499,1004436127,conversion,1004106427,,,edge,ZA
1772006068501,1004436128,conversion,1004106427,,,chrome,ZA
1772006015143,1004436127,conversion,1004106427,,,chrome,ZA
1772005789829,1004436128,conversion,1004106427,,,safari,ZA
1772005666849,1004436127,conversion,1004106427,,,chrome,ZA
1772005656949,1004436127,conversion,1004106427,,,chrome,ZA
1772005575704,1004436127,conversion,1004106427,,,edge,ZA
1772005518625,1004436128,conversion,1004106427,,,chrome,ZA
1772005355003,1004436128,conversion,1004106427,,,chrome,ZA
1772005069108,1004436127,conversion,1004106427,,,chrome,GB
1772004984229,1004436128,conversion,1004106427,,,chrome,ZA
1772004853204,1004436127,conversion,1004106427,,,chrome,ZA
1772004791633,1004436127,conversion,1004106427,,,safari,ZA
1772004631967,1004436127,conversion,1004106427,,,chrome,ZA
1772004546467,1004436127,conversion,1004106427,,,chrome,ZA
1772004420000,1004436128,conversion,1004106427,,,chrome,ZA
1772004260816,1004436127,conversion,1004106427,,,chrome,ZA
1772004205363,1004436127,conversion,1004106427,,,chrome,ZA
1772003850959,1004436128,conversion,1004106427,,,safari,ZA
1772003721339,1004436127,conversion,1004106427,,,safari,ZA
1772002769534,1004436127,conversion,1004106427,,,chrome,ZA
1772002020217,1004436128,conversion,1004106427,,,safari,ZA
1772001261039,1004436128,conversion,1004106427,,,chrome,ZA
1772001258838,1004436127,conversion,1004106427,,,chrome,ZA
1771999646187,1004436127,conversion,1004106427,,,chrome,ZA
1771997192226,1004436128,conversion,1004106427,,,chrome,US
1771996144295,1004436127,conversion,1004106427,,,chrome,ZA
1771995755042,1004436128,conversion,1004106427,,,chrome,US
1771995593314,1004436128,conversion,1004106427,,,chrome,ZA
1771995569624,1004436127,conversion,1004106427,,,safari,ZA
1771995124272,1004436127,conversion,1004106427,,,safari,ZA
1771994669936,1004436127,conversion,1004106427,,,chrome,ZA
1771989312766,1004436128,conversion,1004106427,,,safari,NZ
1771980468877,1004436127,conversion,1004106427,,,safari,AU
1771966170587,1004436127,conversion,1004106427,,,safari,ZA
1771966067502,1004436128,conversion,1004106427,,,safari,ZA
1771964794893,1004436128,conversion,1004106427,,,chrome,ZA
1771963883073,1004436128,conversion,1004106427,,,edge,ZA
1771963169373,1004436128,conversion,1004106427,,,chrome,ZA
1771962734773,1004436128,conversion,1004106427,,,safari,ZA
1771962604835,1004436127,conversion,1004106427,,,safari,ZA
1771962247236,1004436128,conversion,1004106427,,,chrome,ZA
1771962113865,1004436127,conversion,1004106427,,,safari,ZA
1771960482138,1004436127,conversion,1004106427,,,chrome,ZA
1771960444544,1004436128,conversion,1004106427,,,chrome,ZA
1771960161234,1004436128,conversion,1004106427,,,edge,ZA
1771960021630,1004436128,conversion,1004106427,,,safari,ZA
1771959991866,1004436127,conversion,1004106427,,,safari,ZA
1771959070926,1004436128,conversion,1004106427,,,chrome,ZA
1771958716911,1004436128,conversion,1004106427,,,safari,ZA
1771958626015,1004436127,conversion,1004106427,,,chrome,ZA
1771958377239,1004436127,conversion,1004106427,,,safari,ZA
1771958348971,1004436128,conversion,1004106427,,,safari,ZA
1771957936007,1004436128,conversion,1004106427,,,firefox,ZA
1771955694213,1004436128,conversion,1004106427,,,safari,ZA
1771955540370,1004436127,conversion,1004106427,,,safari,ZA
1771955267729,1004436127,conversion,1004106427,,,safari,ZA
1771955205022,1004436128,conversion,1004106427,,,safari,ZA
1771954489099,1004436128,conversion,1004106427,,,edge,ZA
1771952733183,1004436128,conversion,1004106427,,,chrome,ZA
1771952656742,1004436127,conversion,1004106427,,,chrome,ZA
1771951805307,1004436127,conversion,1004106427,,,edge,ZA
1771951665881,1004436127,conversion,1004106427,,,safari,ZA
1771951504946,1004436128,conversion,1004106427,,,safari,ZA
1771950913902,1004436128,conversion,1004106427,,,safari,ZA
1771950304729,1004436127,conversion,1004106427,,,chrome,ZA
1771949918628,1004436127,conversion,1004106427,,,edge,ZA
1771948951251,1004436127,conversion,1004106427,,,chrome,ZA
1771948380637,1004436127,conversion,1004106427,,,chrome,ZA
1771948206400,1004436127,conversion,1004106427,,,safari,AE
1771947841951,1004436128,conversion,1004106427,,,chrome,ZA
1771947402380,1004436127,conversion,1004106427,,,chrome,ZA
1771945654602,1004436127,conversion,1004106427,,,chrome,ZA
1771945045924,1004436127,conversion,1004106427,,,chrome,ZA
1771944896340,1004436127,conversion,1004106427,,,safari,ZA
1771943965923,1004436128,conversion,1004106427,,,chrome,ZA
1771943268026,1004436128,conversion,1004106427,,,chrome,ZA
1771943136637,1004436128,conversion,1004106427,,,chrome,ZA
1771942873845,1004436127,conversion,1004106427,,,chrome,ZA
1771942064216,1004436127,conversion,1004106427,,,safari,ZA
1771941881715,1004436128,conversion,1004106427,,,edge,ZA
1771941874742,1004436128,conversion,1004106427,,,safari,ZA
1771941169901,1004436128,conversion,1004106427,,,chrome,ZA
1771941092658,1004436128,conversion,1004106427,,,safari,ZA
1771940914629,1004436127,conversion,1004106427,,,chrome,ZA
1771940847462,1004436128,conversion,1004106427,,,chrome,ZA
1771940412418,1004436128,conversion,1004106427,,,firefox,ZA
1771939315046,1004436128,conversion,1004106427,,,safari,ZA
1771939290110,1004436128,conversion,1004106427,,,edge,ZA
1771938971716,1004436128,conversion,1004106427,,,chrome,ZA
1771937860087,1004436127,conversion,1004106427,,,safari,ZA
1771937496968,1004436128,conversion,1004106427,,,safari,ZA
1771937473636,1004436127,conversion,1004106427,,,chrome,ZA
1771936513689,1004436128,conversion,1004106427,,,chrome,ZA
1771936292275,1004436127,conversion,1004106427,,,chrome,ZA
1771936288249,1004436127,conversion,1004106427,,,safari,ZA
1771936190430,1004436128,conversion,1004106427,,,safari,ZA
1771935997779,1004436127,conversion,1004106427,,,chrome,ZA
1771935794856,1004436128,conversion,1004106427,,,safari,ZA
1771934372011,1004436128,conversion,1004106427,,,chrome,ZA
1771933965150,1004436127,conversion,1004106427,,,chrome,ZA
1771933911091,1004436128,conversion,1004106427,,,safari,ZA
1771933785733,1004436128,conversion,1004106427,,,safari,ZA
1771933741192,1004436127,conversion,1004106427,,,chrome,ZA
1771933482416,1004436127,conversion,1004106427,,,chrome,ZA
1771933214659,1004436128,conversion,1004106427,,,chrome,ZA
1771933213733,1004436128,conversion,1004106427,,,safari,ZA
1771933186395,1004436127,conversion,1004106427,,,safari,ZA
1771933099484,1004436127,conversion,1004106427,,,safari,ZA
1771932942391,1004436127,conversion,1004106427,,,chrome,ZA
1771932798909,1004436127,conversion,1004106427,,,chrome,ZA
1771932652833,1004436128,conversion,1004106427,,,safari,ZA
1771932430046,1004436128,conversion,1004106427,,,chrome,ZA
1771932367446,1004436127,conversion,1004106427,,,chrome,ZA
1771932344337,1004436127,conversion,1004106427,,,edge,ZA
1771932312952,1004436127,conversion,1004106427,,,chrome,ZA
1771932305138,1004436127,conversion,1004106427,,,chrome,ZA
1771932258828,1004436128,conversion,1004106427,,,safari,ZA
1771932234363,1004436128,conversion,1004106427,,,chrome,ZA
1771932233865,1004436128,conversion,1004106427,,,safari,ZA
1771932179537,1004436128,conversion,1004106427,,,safari,ZA
1771932157286,1004436127,conversion,1004106427,,,firefox,ZA
1771932057780,1004436127,conversion,1004106427,,,safari,ZA
1771932055852,1004436128,conversion,1004106427,,,safari,ZA
1771932031798,1004436127,conversion,1004106427,,,firefox,ZA
1771932022737,1004436128,conversion,1004106427,,,safari,ZA
1771931980528,1004436127,conversion,1004106427,,,chrome,ZA
1771931948100,1004436127,conversion,1004106427,,,chrome,ZA
1771931935144,1004436127,conversion,1004106427,,,safari,ZA
1771931902447,1004436128,conversion,1004106427,,,edge,ZA
1771931880383,1004436127,conversion,1004106427,,,safari,ZA
1771931822280,1004436127,conversion,1004106427,,,safari,ZA
1771931797806,1004436128,conversion,1004106427,,,safari,ZA
1771931673782,1004436128,conversion,1004106427,,,safari,ZA
1771931668794,1004436128,conversion,1004106427,,,safari,ZA
1771931645048,1004436127,conversion,1004106427,,,safari,ZA
1771931601778,1004436128,conversion,1004106427,,,chrome,ZA
1771931600403,1004436127,conversion,1004106427,,,safari,ZA
1771931586862,1004436127,conversion,1004106427,,,safari,ZA
1771931581217,1004436127,conversion,1004106427,,,chrome,ZA
1771931508005,1004436128,conversion,1004106427,,,chrome,ZA
1771931353625,1004436127,conversion,1004106427,,,safari,ZA
1771931259277,1004436127,conversion,1004106427,,,chrome,ZA
1771931244107,1004436128,conversion,1004106427,,,chrome,ZA
1771931210877,1004436128,conversion,1004106427,,,chrome,ZA
1771931189591,1004436128,conversion,1004106427,,,safari,ZA
1771931143321,1004436127,conversion,1004106427,,,chrome,ZA
1771931127998,1004436127,conversion,1004106427,,,chrome,ZA
1771931096524,1004436128,conversion,1004106427,,,chrome,ZA
1771930995913,1004436128,conversion,1004106427,,,chrome,ZA
1771930753692,1004436127,conversion,1004106427,,,chrome,ZA
1771930739003,1004436127,conversion,1004106427,,,chrome,ZA
1771930499689,1004436127,conversion,1004106427,,,chrome,ZA
1771930345179,1004436127,conversion,1004106427,,,chrome,ZA
1771930008430,1004436127,conversion,1004106427,,,chrome,ZA
1771929091733,1004436128,conversion,1004106427,,,chrome,ZA
1771929061994,1004436128,conversion,1004106427,,,chrome,BD
1771928878058,1004436128,conversion,1004106427,,,chrome,ZA
1771928875458,1004436127,conversion,1004106427,,,safari,ZA
1771928728918,1004436128,conversion,1004106427,,,safari,ZA
1771928656118,1004436127,conversion,1004106427,,,edge,ZA
1771928554143,1004436128,conversion,1004106427,,,chrome,ZA
1771928213861,1004436127,conversion,1004106427,,,edge,ZA
1771927425751,1004436127,conversion,1004106427,,,chrome,ZA
1771927274951,1004436128,conversion,1004106427,,,safari,ZA
1771926832080,1004436128,conversion,1004106427,,,chrome,BD
1771926682970,1004436128,conversion,1004106427,,,chrome,ZA
1771926642903,1004436128,conversion,1004106427,,,safari,ZA
1771334690680,1004436127,conversion,1004106427,,,safari,ZA
1771334622476,1004436128,conversion,1004106427,,,chrome,ZA
1771334016849,1004436127,conversion,1004106427,,,chrome,ZA
1771333343855,1004436128,conversion,1004106427,,,chrome,ZA
1771333240823,1004436128,conversion,1004106427,,,safari,IN
1771332873096,1004436127,conversion,1004106427,,,safari,ZA
1771332586431,1004436127,conversion,1004106427,,,chrome,ZA
1771332560181,1004436127,conversion,1004106427,,,chrome,ZA
1771331830631,1004436127,conversion,1004106427,,,chrome,ZA
1771331190504,1004436128,conversion,1004106427,,,safari,ZA
1771330512103,1004436127,conversion,1004106427,,,chrome,ZA
1771330427411,1004436127,conversion,1004106427,,,chrome,ZA
1771330355739,1004436128,conversion,1004106427,,,safari,ZA
1771330345081,1004436127,conversion,1004106427,,,chrome,ZA
1771329982927,1004436128,conversion,1004106427,,,chrome,ZA
1771328938027,1004436128,conversion,1004106427,,,chrome,ZA
1771328844724,1004436127,conversion,1004106427,,,chrome,ZA
1771328795748,1004436128,conversion,1004106427,,,chrome,ZA
1771328743197,1004436128,conversion,1004106427,,,safari,ZA
1771328682958,1004436127,conversion,1004106427,,,chrome,ZA
1771328476804,1004436128,conversion,1004106427,,,chrome,ZA
1771328373374,1004436128,conversion,1004106427,,,chrome,ZA
1771328104325,1004436128,conversion,1004106427,,,chrome,ZA
1771328099778,1004436127,conversion,1004106427,,,safari,ZA
1771328089856,1004436127,conversion,1004106427,,,safari,ZA
1771327995035,1004436127,conversion,1004106427,,,chrome,ZA
1771327960885,1004436127,conversion,1004106427,,,chrome,ZA
1771327927296,1004436128,conversion,1004106427,,,chrome,ZA
1771327616693,1004436128,conversion,1004106427,,,chrome,ZA
1771327548598,1004436127,conversion,1004106427,,,chrome,ZA
1771327500295,1004436127,conversion,1004106427,,,chrome,ZA
1771327433753,1004436128,conversion,1004106427,,,chrome,ZA
1771327332771,1004436128,conversion,1004106427,,,safari,ZA
1771327325115,1004436128,conversion,1004106427,,,chrome,ZA
1771327125673,1004436127,conversion,1004106427,,,chrome,ZA
1771327071284,1004436127,conversion,1004106427,,,safari,ZA
1771326995783,1004436127,conversion,1004106427,,,chrome,ZA
1771326985641,1004436127,conversion,1004106427,,,chrome,ZA
1771326984203,1004436127,conversion,1004106427,,,safari,ZA
1771326983463,1004436128,conversion,1004106427,,,safari,ZA
1771326941308,1004436128,conversion,1004106427,,,chrome,ZA
1771326839746,1004436127,conversion,1004106427,,,edge,ZA
1771326836980,1004436127,conversion,1004106427,,,chrome,ZA
1771326824110,1004436127,conversion,1004106427,,,chrome,ZA
1771326800323,1004436127,conversion,1004106427,,,chrome,ZA
1771326597621,1004436127,conversion,1004106427,,,safari,ZA
1771326533589,1004436127,conversion,1004106427,,,chrome,ZA
1771326507333,1004436128,conversion,1004106427,,,chrome,ZA
1771326484519,1004436128,conversion,1004106427,,,safari,ZA
1771326463806,1004436127,conversion,1004106427,,,safari,ZA
1771326435992,1004436128,conversion,1004106427,,,chrome,ZA
1771326305587,1004436127,conversion,1004106427,,,safari,ZA
1771326249432,1004436127,conversion,1004106427,,,chrome,ZA
1771326210489,1004436127,conversion,1004106427,,,chrome,ZA
1771326101822,1004436128,conversion,1004106427,,,chrome,ZA
1771325989537,1004436128,conversion,1004106427,,,safari,ZA
1771325959409,1004436127,conversion,1004106427,,,safari,ZA
1771325920689,1004436127,conversion,1004106427,,,safari,ZA
1771325539363,1004436128,conversion,1004106427,,,chrome,ZA
1771324742415,1004436127,conversion,1004106427,,,safari,ZA
1771324032124,1004436128,conversion,1004106427,,,chrome,ZA
1771323876159,1004436127,conversion,1004106427,,,chrome,ZA
1771323685554,1004436127,conversion,1004106427,,,chrome,ZA
1771323480609,1004436128,conversion,1004106427,,,safari,ZA
1771323351741,1004436127,conversion,1004106427,,,chrome,ZA
1771323012912,1004436127,conversion,1004106427,,,chrome,ZA
1771322717129,1004436127,conversion,1004106427,,,safari,ZA
1771322394643,1004436127,conversion,1004106427,,,safari,ZA
1771322207654,1004436128,conversion,1004106427,,,chrome,ZA
1771322182325,1004436127,conversion,1004106427,,,chrome,ZA
1771321082739,1004436127,conversion,1004106427,,,chrome,ZA
1771320768167,1004436128,conversion,1004106427,,,safari,ZA
1771320244433,1004436127,conversion,1004106427,,,safari,ZA
1771320238013,1004436128,conversion,1004106427,,,chrome,ZA
1771319732599,1004436128,conversion,1004106427,,,safari,GB
1771319609071,1004436128,conversion,1004106427,,,firefox,ZA
1771319473320,1004436128,conversion,1004106427,,,chrome,ZA
1771318452647,1004436128,conversion,1004106427,,,safari,ZA
1771318444148,1004436127,conversion,1004106427,,,safari,ZA
1771318322741,1004436127,conversion,1004106427,,,safari,ZA
1771317898792,1004436127,conversion,1004106427,,,chrome,ZA
1771317771233,1004436127,conversion,1004106427,,,chrome,ZA
1771317275620,1004436128,conversion,1004106427,,,chrome,ZA
1771316762945,1004436128,conversion,1004106427,,,edge,ZA
1771316539275,1004436128,conversion,1004106427,,,chrome,ZA
1771316127909,1004436127,conversion,1004106427,,,safari,ZA
1771315840371,1004436128,conversion,1004106427,,,firefox,ZA
1771315165407,1004436127,conversion,1004106427,,,chrome,ZA
1771314182107,1004436127,conversion,1004106427,,,chrome,ZA
1771313657642,1004436128,conversion,1004106427,,,safari,GB
1771312574926,1004436127,conversion,1004106427,,,safari,ZA
1771311450583,1004436127,conversion,1004106427,,,safari,ZA
1771311320725,1004436128,conversion,1004106427,,,chrome,ZA
1771311048934,1004436127,conversion,1004106427,,,chrome,ZA
1771310838481,1004436128,conversion,1004106427,,,safari,ZA
1771310427833,1004436127,conversion,1004106427,,,chrome,ZA
1771309455648,1004436128,conversion,1004106427,,,safari,ZA
1771309164466,1004436127,conversion,1004106427,,,chrome,ZA
1771309015728,1004436128,conversion,1004106427,,,chrome,ZA
1771308487539,1004436127,conversion,1004106427,,,firefox,ZA
1771308459279,1004436128,conversion,1004106427,,,safari,ZA
1771308045605,1004436127,conversion,1004106427,,,safari,ZA
1771307781103,1004436127,conversion,1004106427,,,safari,ZA
1771307745984,1004436128,conversion,1004106427,,,chrome,ZA
1771307532217,1004436127,conversion,1004106427,,,chrome,ZA
1771306168910,1004436127,conversion,1004106427,,,safari,ZA
1771305461139,1004436128,conversion,1004106427,,,safari,ZA
1771304945228,1004436128,conversion,1004106427,,,safari,ZA
1771304488020,1004436128,conversion,1004106427,,,safari,ZA
1771303471681,1004436128,conversion,1004106427,,,chrome,ZA
1771296674439,1004436127,conversion,1004106427,,,safari,ZW
1771289552874,1004436128,conversion,1004106427,,,safari,ZA
1771286331135,1004436128,conversion,1004106427,,,chrome,ZA
1771277338499,1004436127,conversion,1004106427,,,chrome,ZA
1771274797884,1004436128,conversion,1004106427,,,chrome,ZA
1771274758155,1004436127,conversion,1004106427,,,chrome,ZA
1771274615869,1004436128,conversion,1004106427,,,safari,ZA
1771273697805,1004436128,conversion,1004106427,,,chrome,ZA
1771271778494,1004436128,conversion,1004106427,,,safari,ZA
1771271355820,1004436127,conversion,1004106427,,,chrome,ZA
1771271060173,1004436128,conversion,1004106427,,,chrome,ZA
1771269048529,1004436127,conversion,1004106427,,,chrome,ZA
1771268771835,1004436128,conversion,1004106427,,,chrome,ZA
1771268617707,1004436127,conversion,1004106427,,,safari,ZA
1771267630169,1004436127,conversion,1004106427,,,chrome,ZA
1771265731571,1004436127,conversion,1004106427,,,safari,ZA
1771265588001,1004436128,conversion,1004106427,,,chrome,ZA
1771265029736,1004436128,conversion,1004106427,,,safari,MZ
1771264873225,1004436127,conversion,1004106427,,,safari,ZA
1771264523559,1004436128,conversion,1004106427,,,safari,ZA
1771264313093,1004436127,conversion,1004106427,,,safari,ZA
1771264202876,1004436127,conversion,1004106427,,,safari,ZA
1771263730558,1004436128,conversion,1004106427,,,safari,ZA
1771263574990,1004436127,conversion,1004106427,,,edge,ZA
1771262913083,1004436127,conversion,1004106427,,,safari,ZA
1771262785130,1004436127,conversion,1004106427,,,safari,ZA
1771260960645,1004436128,conversion,1004106427,,,safari,ZA
1771260743328,1004436127,conversion,1004106427,,,chrome,ZA
1771260517785,1004436128,conversion,1004106427,,,safari,ZA
1771260478852,1004436128,conversion,1004106427,,,chrome,ZA
1771260401435,1004436128,conversion,1004106427,,,chrome,ZA
1771259872534,1004436127,conversion,1004106427,,,chrome,ZA
1771259430998,1004436127,conversion,1004106427,,,safari,ZA
1771259406039,1004436127,conversion,1004106427,,,chrome,ZA
1771259236558,1004436128,conversion,1004106427,,,chrome,ZA
1771258579229,1004436128,conversion,1004106427,,,chrome,ZA
1771258366063,1004436128,conversion,1004106427,,,chrome,ZA
1771258224696,1004436128,conversion,1004106427,,,chrome,ZA
1771256958113,1004436127,conversion,1004106427,,,safari,ZA
1771256667290,1004436127,conversion,1004106427,,,safari,ZA
1771256065757,1004436127,conversion,1004106427,,,chrome,ZA
1771255990944,1004436127,conversion,1004106427,,,chrome,ZA
1771255904846,1004436128,conversion,1004106427,,,chrome,ZA
1771255711795,1004436127,conversion,1004106427,,,chrome,ZA
1771254746802,1004436128,conversion,1004106427,,,safari,ZA
1771254395546,1004436128,conversion,1004106427,,,chrome,ZA
1771253870094,1004436127,conversion,1004106427,,,safari,ZA
1771253736019,1004436127,conversion,1004106427,,,chrome,ZA
1771253215251,1004436127,conversion,1004106427,,,chrome,ZA
1771253201160,1004436127,conversion,1004106427,,,chrome,ZA
1771251865700,1004436128,conversion,1004106427,,,firefox,ZA
1771251552265,1004436127,conversion,1004106427,,,safari,ZA
1771250861638,1004436128,conversion,1004106427,,,chrome,ZA
1771250510862,1004436128,conversion,1004106427,,,safari,ZA
1771249431571,1004436127,conversion,1004106427,,,chrome,ZA
1771248894901,1004436128,conversion,1004106427,,,safari,ZA
1771248743801,1004436128,conversion,1004106427,,,safari,ZA
1771248602869,1004436127,conversion,1004106427,,,chrome,ZA
1771248244315,1004436128,conversion,1004106427,,,safari,ZA
1771248078202,1004436127,conversion,1004106427,,,safari,ZA
1771247748919,1004436128,conversion,1004106427,,,safari,ZA
1771247606350,1004436127,conversion,1004106427,,,chrome,ZA
1771247352982,1004436128,conversion,1004106427,,,chrome,ZA
1771247337888,1004436128,conversion,1004106427,,,safari,ZA
1771247087100,1004436128,conversion,1004106427,,,chrome,ZA
1771247055727,1004436127,conversion,1004106427,,,chrome,ZA
1771246883898,1004436127,conversion,1004106427,,,chrome,ZA
1771246722753,1004436127,conversion,1004106427,,,chrome,ZA
1771246512693,1004436127,conversion,1004106427,,,chrome,ZA
1771245993850,1004436127,conversion,1004106427,,,chrome,ZA
1771245687520,1004436128,conversion,1004106427,,,safari,ZA
1771244809492,1004436128,conversion,1004106427,,,safari,ZA
1771244694436,1004436128,conversion,1004106427,,,safari,ZA
1771244371246,1004436127,conversion,1004106427,,,safari,ZA
1771244040724,1004436127,conversion,1004106427,,,safari,ZA
1771242617149,1004436127,conversion,1004106427,,,chrome,ZA
1771241867260,1004436128,conversion,1004106427,,,safari,ZA
1771241360010,1004436127,conversion,1004106427,,,safari,ZA
1771241158244,1004436127,conversion,1004106427,,,chrome,ZA
1771241148564,1004436127,conversion,1004106427,,,chrome,ZA
1771240868005,1004436128,conversion,1004106427,,,safari,ZA
1771240849152,1004436128,conversion,1004106427,,,safari,ZA
1771240838403,1004436128,conversion,1004106427,,,safari,ZA
1771239939741,1004436128,conversion,1004106427,,,edge,ZA
1771239831690,1004436128,conversion,1004106427,,,safari,ZA
1771239806031,1004436127,conversion,1004106427,,,safari,ZA
1771239627566,1004436128,conversion,1004106427,,,safari,ZA
1771239175570,1004436128,conversion,1004106427,,,edge,ZA
1771239135575,1004436128,conversion,1004106427,,,chrome,ZA
1771239128435,1004436128,conversion,1004106427,,,chrome,ZA
1771238733905,1004436128,conversion,1004106427,,,chrome,ZA
1771238717183,1004436128,conversion,1004106427,,,edge,ZA
1771238615234,1004436127,conversion,1004106427,,,chrome,ZA
1771238510277,1004436127,conversion,1004106427,,,chrome,ZA
1771238201175,1004436128,conversion,1004106427,,,chrome,ZA
1771237978733,1004436128,conversion,1004106427,,,chrome,ZA
1771237535627,1004436128,conversion,1004106427,,,chrome,ZA
1771236998309,1004436128,conversion,1004106427,,,chrome,ZA
1771236484123,1004436128,conversion,1004106427,,,chrome,ZA
1771236185014,1004436128,conversion,1004106427,,,safari,ZA
1771236090051,1004436127,conversion,1004106427,,,edge,ZA
1771235946255,1004436127,conversion,1004106427,,,chrome,ZA
1771234520972,1004436127,conversion,1004106427,,,chrome,ZA
1771234332421,1004436127,conversion,1004106427,,,safari,ZA
1771234012112,1004436128,conversion,1004106427,,,chrome,ZA
1771233699634,1004436127,conversion,1004106427,,,edge,ZA
1771233603212,1004436128,conversion,1004106427,,,chrome,ZA
1771233434046,1004436127,conversion,1004106427,,,safari,ZA
1771233300151,1004436128,conversion,1004106427,,,edge,ZA
1771233088198,1004436127,conversion,1004106427,,,chrome,ZA
1771233080142,1004436127,conversion,1004106427,,,chrome,ZA
1771232727245,1004436127,conversion,1004106427,,,safari,ZA
1771232633795,1004436127,conversion,1004106427,,,chrome,ZA
1771232619863,1004436127,conversion,1004106427,,,safari,ZA
1771232267027,1004436128,conversion,1004106427,,,edge,ZA
1771231663836,1004436128,conversion,1004106427,,,chrome,ZA
1771231390761,1004436128,conversion,1004106427,,,edge,ZA
1771230966622,1004436128,conversion,1004106427,,,chrome,ZA
1771230831594,1004436128,conversion,1004106427,,,safari,ZA
1771230803550,1004436127,conversion,1004106427,,,safari,ZA
1771230577816,1004436128,conversion,1004106427,,,chrome,ZA
1771230575317,1004436127,conversion,1004106427,,,chrome,ZA
1771230105703,1004436128,conversion,1004106427,,,safari,ZA
1771230062507,1004436128,conversion,1004106427,,,safari,ZA
1771229648780,1004436127,conversion,1004106427,,,safari,ZA
1771229360132,1004436127,conversion,1004106427,,,safari,ZA
1771228964629,1004436127,conversion,1004106427,,,safari,ZA
1771228684338,1004436128,conversion,1004106427,,,edge,DE
1771228589556,1004436127,conversion,1004106427,,,chrome,ZA
1771227784930,1004436127,conversion,1004106427,,,safari,ZA
1771227463882,1004436128,conversion,1004106427,,,edge,ZA
1771226924243,1004436128,conversion,1004106427,,,chrome,ZA
1771226921401,1004436128,conversion,1004106427,,,chrome,ZA
1771226399961,1004436128,conversion,1004106427,,,safari,ZA
1771226224922,1004436128,conversion,1004106427,,,safari,ZA
1771226053762,1004436128,conversion,1004106427,,,edge,ZA
1771226023789,1004436127,conversion,1004106427,,,edge,ZA
1771225727658,1004436128,conversion,1004106427,,,chrome,ZA
1771225568769,1004436128,conversion,1004106427,,,chrome,ZA
1771225310576,1004436127,conversion,1004106427,,,safari,ZA
1771224890498,1004436127,conversion,1004106427,,,edge,ZA
1771223824265,1004436128,conversion,1004106427,,,chrome,ZA
1771223594318,1004436127,conversion,1004106427,,,safari,ZA
1771223472784,1004436128,conversion,1004106427,,,safari,ZA
1771223101980,1004436127,conversion,1004106427,,,safari,ZA
1771223082291,1004436128,conversion,1004106427,,,safari,ZA
1771221336328,1004436128,conversion,1004106427,,,safari,ZA
1771219109884,1004436128,conversion,1004106427,,,safari,ZA
1771218179629,1004436128,conversion,1004106427,,,chrome,ZA
1771217970328,1004436127,conversion,1004106427,,,safari,ZA
1771212365089,1004436127,conversion,1004106427,,,edge,ZA
1771211215120,1004436127,conversion,1004106427,,,chrome,ZA
1771198588918,1004436128,conversion,1004106427,,,safari,ZA
1771194526244,1004436127,conversion,1004106427,,,chrome,ZA
1771194142746,1004436127,conversion,1004106427,,,chrome,ZA
1771192865195,1004436128,conversion,1004106427,,,safari,ZA
1771192115061,1004436128,conversion,1004106427,,,chrome,ZA
1771191606979,1004436128,conversion,1004106427,,,safari,ZA
1771187924034,1004436128,conversion,1004106427,,,safari,ZA
1771187343670,1004436127,conversion,1004106427,,,chrome,ZA
1771187326842,1004436128,conversion,1004106427,,,chrome,ZA
1771185750990,1004436128,conversion,1004106427,,,safari,ZA
1771185670998,1004436127,conversion,1004106427,,,chrome,ZA
1771185090371,1004436128,conversion,1004106427,,,safari,GB
1771184844252,1004436127,conversion,1004106427,,,chrome,ZA
1771184411544,1004436127,conversion,1004106427,,,chrome,ZA
1771184133464,1004436127,conversion,1004106427,,,safari,ZA
1771184121125,1004436128,conversion,1004106427,,,safari,ZA
1771181226894,1004436127,conversion,1004106427,,,safari,ZA
1771180971352,1004436127,conversion,1004106427,,,chrome,ZA
1771180229993,1004436128,conversion,1004106427,,,chrome,ZA
1771180218869,1004436127,conversion,1004106427,,,safari,ZA
1771179849661,1004436128,conversion,1004106427,,,safari,ZA
1771179226100,1004436127,conversion,1004106427,,,chrome,ZA
1771179089628,1004436128,conversion,1004106427,,,chrome,ZA
1771178606336,1004436128,conversion,1004106427,,,chrome,ZA
1771177891119,1004436128,conversion,1004106427,,,chrome,ZA
1771177569225,1004436128,conversion,1004106427,,,chrome,ZA
1771177221380,1004436127,conversion,1004106427,,,chrome,ZA
1771176254084,1004436127,conversion,1004106427,,,safari,ZA
1771176094996,1004436128,conversion,1004106427,,,chrome,ZA
1771175713345,1004436128,conversion,1004106427,,,edge,ZA
1771175617550,1004436127,conversion,1004106427,,,safari,ZA
1771174174356,1004436128,conversion,1004106427,,,safari,ZA
1771173864659,1004436128,conversion,1004106427,,,safari,ZA
1771173485994,1004436128,conversion,1004106427,,,safari,ZA
1771173270985,1004436127,conversion,1004106427,,,safari,CA
1771173262636,1004436127,conversion,1004106427,,,chrome,ZA
1771173124923,1004436127,conversion,1004106427,,,chrome,ZA
1771172762023,1004436127,conversion,1004106427,,,chrome,US
1771172562533,1004436128,conversion,1004106427,,,safari,ZA
1771172157725,1004436128,conversion,1004106427,,,safari,ZA
1771171539682,1004436127,conversion,1004106427,,,chrome,ZA
1771170965650,1004436127,conversion,1004106427,,,safari,ZA
1771169546722,1004436128,conversion,1004106427,,,chrome,ZA
1771168725858,1004436128,conversion,1004106427,,,chrome,ZA
1771168316401,1004436128,conversion,1004106427,,,chrome,ZA
1771168153966,1004436128,conversion,1004106427,,,chrome,ZA
1771167797569,1004436127,conversion,1004106427,,,chrome,ZA
1771167473611,1004436127,conversion,1004106427,,,safari,ZA
1771167166687,1004436128,conversion,1004106427,,,chrome,ZA
1771166680621,1004436128,conversion,1004106427,,,safari,ZA
1771166388169,1004436128,conversion,1004106427,,,safari,ZA
1771166209989,1004436128,conversion,1004106427,,,safari,ZA
1771166125229,1004436128,conversion,1004106427,,,safari,ZA
1771166033432,1004436128,conversion,1004106427,,,safari,ZA
1771165485426,1004436127,conversion,1004106427,,,chrome,ZA
1771164753065,1004436127,conversion,1004106427,,,chrome,ZA
1771162326444,1004436128,conversion,1004106427,,,chrome,ZA
1771161773132,1004436127,conversion,1004106427,,,safari,ZA
1771161426052,1004436128,conversion,1004106427,,,chrome,AE
1771161409108,1004436128,conversion,1004106427,,,safari,ZA
1771160963434,1004436127,conversion,1004106427,,,chrome,ZA
1771160883091,1004436128,conversion,1004106427,,,safari,ZA
1771160618833,1004436127,conversion,1004106427,,,safari,ZA
1771160572573,1004436127,conversion,1004106427,,,chrome,ZA
1771159986163,1004436128,conversion,1004106427,,,chrome,ZA
1771159412424,1004436128,conversion,1004106427,,,chrome,ZA
1771159181906,1004436127,conversion,1004106427,,,chrome,ZA
1771158454695,1004436127,conversion,1004106427,,,chrome,NA
1771157889684,1004436127,conversion,1004106427,,,safari,ZA
1771157427738,1004436127,conversion,1004106427,,,chrome,ZA
1771157408314,1004436128,conversion,1004106427,,,safari,ZA
1771157179186,1004436128,conversion,1004106427,,,safari,ZA
1771156704939,1004436127,conversion,1004106427,,,chrome,ZA
1771156485263,1004436128,conversion,1004106427,,,safari,ZA
1771154237819,1004436127,conversion,1004106427,,,safari,ZA
1771154237172,1004436127,conversion,1004106427,,,safari,ZA
1771153925944,1004436127,conversion,1004106427,,,chrome,ZA
1771153689124,1004436127,conversion,1004106427,,,safari,ZA
1771153683186,1004436128,conversion,1004106427,,,safari,ZA
1771153465915,1004436128,conversion,1004106427,,,chrome,ZA
1771153409016,1004436127,conversion,1004106427,,,safari,ZA
1771152878011,1004436127,conversion,1004106427,,,safari,ZA
1771151873014,1004436127,conversion,1004106427,,,chrome,ZA
1771151776648,1004436127,conversion,1004106427,,,chrome,ZA
1771151039387,1004436127,conversion,1004106427,,,chrome,ZA
1771150647873,1004436127,conversion,1004106427,,,chrome,ZA
1771150570572,1004436127,conversion,1004106427,,,safari,ZA
1771149511240,1004436128,conversion,1004106427,,,safari,US
1771148425153,1004436128,conversion,1004106427,,,chrome,GB
1771147824484,1004436127,conversion,1004106427,,,chrome,ZA
1771147003656,1004436127,conversion,1004106427,,,chrome,ZA
1771146911325,1004436128,conversion,1004106427,,,safari,ZA
1771146217054,1004436128,conversion,1004106427,,,chrome,ZA
1771146037284,1004436128,conversion,1004106427,,,chrome,ZA
1771145976351,1004436128,conversion,1004106427,,,chrome,ZA
1771145775402,1004436128,conversion,1004106427,,,safari,ZA
1771145137428,1004436128,conversion,1004106427,,,safari,ZA
1771145108683,1004436128,conversion,1004106427,,,safari,ZA
1771143879392,1004436128,conversion,1004106427,,,safari,ZA
1771143611487,1004436127,conversion,1004106427,,,safari,ZA
1771143544529,1004436128,conversion,1004106427,,,safari,ZA
1771143340980,1004436128,conversion,1004106427,,,safari,ZA
1771143074120,1004436127,conversion,1004106427,,,safari,ZA
1771141501249,1004436127,conversion,1004106427,,,safari,ZA
1771140609097,1004436128,conversion,1004106427,,,chrome,ZA
1771139196995,1004436127,conversion,1004106427,,,safari,ZA
1771139095703,1004436127,conversion,1004106427,,,safari,ZA
1771138389712,1004436127,conversion,1004106427,,,safari,ZA
1771136315983,1004436127,conversion,1004106427,,,chrome,ZA
1771136195382,1004436127,conversion,1004106427,,,chrome,ZA
1771135592419,1004436128,conversion,1004106427,,,safari,ZA
1771135434907,1004436127,conversion,1004106427,,,safari,ZA
1771134758522,1004436128,conversion,1004106427,,,safari,ZA
1771134632369,1004436127,conversion,1004106427,,,safari,ZA
1771134551587,1004436128,conversion,1004106427,,,safari,ZA
1771134507258,1004436127,conversion,1004106427,,,safari,ZA
1771133048567,1004436127,conversion,1004106427,,,chrome,ZA
1771132971125,1004436127,conversion,1004106427,,,safari,ZA
1771131643788,1004436127,conversion,1004106427,,,safari,ZA
1771130200059,1004436127,conversion,1004106427,,,safari,ZA
1771113076865,1004436128,conversion,1004106427,,,safari,ZA
1771104539596,1004436127,conversion,1004106427,,,chrome,ZA
1771104114167,1004436128,conversion,1004106427,,,chrome,IL
1771103110187,1004436128,conversion,1004106427,,,chrome,ZA
1771102660921,1004436128,conversion,1004106427,,,chrome,ZA
1771102149062,1004436128,conversion,1004106427,,,chrome,ZA
1771101068094,1004436127,conversion,1004106427,,,chrome,ZA
1771100174534,1004436128,conversion,1004106427,,,safari,ZA
1771098887612,1004436128,conversion,1004106427,,,chrome,GB
1771098448277,1004436127,conversion,1004106427,,,safari,ZA
1771098042472,1004436128,conversion,1004106427,,,safari,US
1771097247629,1004436127,conversion,1004106427,,,chrome,ZA
1771097167459,1004436128,conversion,1004106427,,,safari,ZA
1771096693176,1004436127,conversion,1004106427,,,safari,US
1771096494455,1004436127,conversion,1004106427,,,safari,ZA
1771096364866,1004436127,conversion,1004106427,,,firefox,ZA
1771096230683,1004436128,conversion,1004106427,,,chrome,ZA
1771095746674,1004436128,conversion,1004106427,,,chrome,ZA
1771094445914,1004436128,conversion,1004106427,,,edge,ZA
1771091505754,1004436128,conversion,1004106427,,,chrome,ZA
1771090544963,1004436128,conversion,1004106427,,,chrome,ZA
1771089500957,1004436127,conversion,1004106427,,,safari,ZA
1771088076985,1004436127,conversion,1004106427,,,safari,ZA
1771087783045,1004436128,conversion,1004106427,,,safari,ZA
1771086803175,1004436127,conversion,1004106427,,,chrome,ZA
1771086314181,1004436127,conversion,1004106427,,,chrome,ZA
1771084903354,1004436128,conversion,1004106427,,,safari,ZA
1771084618222,1004436127,conversion,1004106427,,,chrome,GB
1771083946396,1004436127,conversion,1004106427,,,firefox,ZA
1771083432236,1004436128,conversion,1004106427,,,chrome,ZA
1771080764243,1004436128,conversion,1004106427,,,safari,ZA
1771079512664,1004436127,conversion,1004106427,,,chrome,ZA
1771079495827,1004436127,conversion,1004106427,,,chrome,MX
1771078141913,1004436128,conversion,1004106427,,,safari,ZA
1771078053339,1004436127,conversion,1004106427,,,chrome,ZA
1771076566718,1004436128,conversion,1004106427,,,safari,ZA
1771074074660,1004436127,conversion,1004106427,,,chrome,ZA
1771073904352,1004436128,conversion,1004106427,,,chrome,ZA
1771073694294,1004436128,conversion,1004106427,,,chrome,ZA
1771072336015,1004436127,conversion,1004106427,,,chrome,ZA
1771068659212,1004436127,conversion,1004106427,,,chrome,ZA
1771068393300,1004436127,conversion,1004106427,,,chrome,ZA
1771068298630,1004436127,conversion,1004106427,,,chrome,ZA
1771068133860,1004436127,conversion,1004106427,,,safari,ZA
1771067711699,1004436128,conversion,1004106427,,,safari,ZA
1771066280510,1004436127,conversion,1004106427,,,safari,ZA
1771066275503,1004436128,conversion,1004106427,,,safari,ZA
1771066119108,1004436127,conversion,1004106427,,,safari,ZA
1771065715245,1004436128,conversion,1004106427,,,safari,ZA
1771065175583,1004436128,conversion,1004106427,,,safari,ZA
1771064373705,1004436127,conversion,1004106427,,,chrome,ZA
1771062446788,1004436128,conversion,1004106427,,,chrome,ZA
1771061246798,1004436127,conversion,1004106427,,,safari,ZA
1771060400463,1004436128,conversion,1004106427,,,safari,ZA
1771060335794,1004436127,conversion,1004106427,,,chrome,ZA
1771059438525,1004436128,conversion,1004106427,,,safari,ZA
1771058905956,1004436127,conversion,1004106427,,,safari,ZA
1771058605180,1004436127,conversion,1004106427,,,safari,ZA
1771057648679,1004436127,conversion,1004106427,,,safari,ZA
1771056955193,1004436127,conversion,1004106427,,,edge,ZA
1771056890697,1004436127,conversion,1004106427,,,safari,ZA
1771056817639,1004436127,conversion,1004106427,,,safari,ZA
1771056311478,1004436128,conversion,1004106427,,,chrome,ZA
1771055685945,1004436127,conversion,1004106427,,,chrome,ZA
1771055469187,1004436128,conversion,1004106427,,,safari,ZA
1771055152831,1004436127,conversion,1004106427,,,safari,ZA
1771053441094,1004436128,conversion,1004106427,,,safari,ZA
1771051681808,1004436128,conversion,1004106427,,,chrome,ZA
1771049978224,1004436128,conversion,1004106427,,,chrome,ZA
1771047892087,1004436127,conversion,1004106427,,,safari,ZA
1771046350548,1004436128,conversion,1004106427,,,chrome,ZA
1771045100589,1004436127,conversion,1004106427,,,safari,ZA
1771044473141,1004436127,conversion,1004106427,,,safari,ZA
1771044330840,1004436127,conversion,1004106427,,,chrome,AE
1771044052551,1004436128,conversion,1004106427,,,chrome,ZA
1771041901044,1004436127,conversion,1004106427,,,safari,ZA
1771031728787,1004436127,conversion,1004106427,,,chrome,US
1771024134984,1004436128,conversion,1004106427,,,chrome,ZA
1771019736303,1004436128,conversion,1004106427,,,chrome,ZA
1771014141045,1004436128,conversion,1004106427,,,safari,ZA
1771013335196,1004436127,conversion,1004106427,,,safari,ZA
1771012716422,1004436127,conversion,1004106427,,,safari,ZA
1771011854135,1004436128,conversion,1004106427,,,safari,ZA
1771010560943,1004436128,conversion,1004106427,,,safari,ZA
1771008620923,1004436127,conversion,1004106427,,,chrome,ZA
1771006432038,1004436127,conversion,1004106427,,,safari,ZA
1771004975278,1004436128,conversion,1004106427,,,chrome,ZA
1771004912687,1004436127,conversion,1004106427,,,safari,ZA
1771004047233,1004436127,conversion,1004106427,,,chrome,ZA
1771003852598,1004436127,conversion,1004106427,,,safari,ZA
1771003116874,1004436127,conversion,1004106427,,,safari,ZA
1771001226285,1004436128,conversion,1004106427,,,chrome,ZA
1771000264120,1004436128,conversion,1004106427,,,safari,ZA
1770999683849,1004436127,conversion,1004106427,,,safari,ZA
1770995085095,1004436127,conversion,1004106427,,,safari,ZA
1770994997800,1004436128,conversion,1004106427,,,safari,ZA
1770994644520,1004436128,conversion,1004106427,,,safari,ZA
1770994490700,1004436127,conversion,1004106427,,,chrome,ZA
1770992709078,1004436127,conversion,1004106427,,,chrome,ZA
1770992058996,1004436127,conversion,1004106427,,,safari,ZA
1770992041779,1004436127,conversion,1004106427,,,safari,ZA
1770991810943,1004436127,conversion,1004106427,,,safari,PT
1770991274206,1004436127,conversion,1004106427,,,safari,ZA
1770990855278,1004436127,conversion,1004106427,,,chrome,ZA
1770989834826,1004436127,conversion,1004106427,,,firefox,ZA
1770987630867,1004436128,conversion,1004106427,,,safari,ZA
1770987362807,1004436128,conversion,1004106427,,,safari,ZA
1770986877759,1004436128,conversion,1004106427,,,chrome,ZA
1770986659874,1004436128,conversion,1004106427,,,safari,ZA
1770986171542,1004436127,conversion,1004106427,,,chrome,ZA
1770985535827,1004436127,conversion,1004106427,,,safari,ZA
1770985440617,1004436127,conversion,1004106427,,,chrome,ZA
1770984586711,1004436127,conversion,1004106427,,,chrome,ZA
1770983696316,1004436128,conversion,1004106427,,,safari,ZA
1770982544485,1004436127,conversion,1004106427,,,chrome,ZA
1770982331315,1004436128,conversion,1004106427,,,edge,ZA
1770982108414,1004436128,conversion,1004106427,,,chrome,ZA
1770982087706,1004436128,conversion,1004106427,,,chrome,ZA
1770981700284,1004436127,conversion,1004106427,,,safari,ZA
1770981604823,1004436128,conversion,1004106427,,,chrome,ZA
1770980909836,1004436128,conversion,1004106427,,,chrome,GB
1770980093184,1004436128,conversion,1004106427,,,safari,ZA
1770979527010,1004436127,conversion,1004106427,,,chrome,GH
1770979139742,1004436127,conversion,1004106427,,,edge,ZA
1770978746882,1004436127,conversion,1004106427,,,edge,ZA
1770978724458,1004436127,conversion,1004106427,,,edge,ZA
1770978527506,1004436127,conversion,1004106427,,,safari,ZA
1770978222785,1004436127,conversion,1004106427,,,safari,ZA
1770977596659,1004436127,conversion,1004106427,,,chrome,ZA
1770977516434,1004436127,conversion,1004106427,,,chrome,ZA
1770977466830,1004436128,conversion,1004106427,,,chrome,ZA
1770976778882,1004436128,conversion,1004106427,,,safari,ZA
1770976664404,1004436127,conversion,1004106427,,,chrome,ZA
1770976455178,1004436127,conversion,1004106427,,,edge,ZA
1770976360049,1004436127,conversion,1004106427,,,firefox,ZA
1770976247601,1004436128,conversion,1004106427,,,safari,ZA
1770975914732,1004436127,conversion,1004106427,,,edge,ZA
1770975239015,1004436127,conversion,1004106427,,,safari,ZA
1770974671849,1004436127,conversion,1004106427,,,chrome,ZA
1770974597342,1004436127,conversion,1004106427,,,edge,ZA
1770974592130,1004436127,conversion,1004106427,,,edge,ZA
1770974395310,1004436127,conversion,1004106427,,,safari,FR
1770973898746,1004436128,conversion,1004106427,,,chrome,ZA
1770973837703,1004436127,conversion,1004106427,,,chrome,ZA
1770973801222,1004436127,conversion,1004106427,,,safari,ZA
1770973786255,1004436127,conversion,1004106427,,,safari,ZA
1770973524978,1004436128,conversion,1004106427,,,chrome,ZA
1770973441363,1004436128,conversion,1004106427,,,chrome,AE
1770972612874,1004436127,conversion,1004106427,,,chrome,ZA
1770972003929,1004436127,conversion,1004106427,,,edge,ZA
1770971677117,1004436128,conversion,1004106427,,,safari,ZA
1770971409436,1004436127,conversion,1004106427,,,safari,ZA
1770970697668,1004436128,conversion,1004106427,,,edge,ZA
1770970310975,1004436127,conversion,1004106427,,,safari,ZA
1770970302731,1004436127,conversion,1004106427,,,chrome,ZA
1770970279381,1004436127,conversion,1004106427,,,safari,ZA
1770970162042,1004436128,conversion,1004106427,,,chrome,ZA
1770969240942,1004436128,conversion,1004106427,,,chrome,ZA
1770968925649,1004436127,conversion,1004106427,,,chrome,ZA
1770968675583,1004436128,conversion,1004106427,,,chrome,ZA
1770968667221,1004436128,conversion,1004106427,,,chrome,ZA
1770968564603,1004436127,conversion,1004106427,,,edge,ZA
1770968104746,1004436127,conversion,1004106427,,,safari,ZA
1770968023814,1004436127,conversion,1004106427,,,chrome,ZA
1770967855535,1004436127,conversion,1004106427,,,safari,ZA
1770967789975,1004436128,conversion,1004106427,,,chrome,ZA
1770967787985,1004436128,conversion,1004106427,,,edge,ZA
1770967350163,1004436127,conversion,1004106427,,,edge,ZA
1770967267692,1004436127,conversion,1004106427,,,chrome,ZA
1770965652283,1004436128,conversion,1004106427,,,safari,ZA
1770965650898,1004436127,conversion,1004106427,,,safari,ZA
1770965605234,1004436128,conversion,1004106427,,,chrome,ZA
1770965537415,1004436128,conversion,1004106427,,,safari,ZA
1770964849807,1004436127,conversion,1004106427,,,chrome,ZA
1770964787413,1004436127,conversion,1004106427,,,chrome,ZA
1770964227705,1004436128,conversion,1004106427,,,chrome,ZA
1770964117255,1004436128,conversion,1004106427,,,safari,GB
1770963007779,1004436128,conversion,1004106427,,,safari,ZA
1770962920216,1004436127,conversion,1004106427,,,chrome,ZA
1770960323034,1004436128,conversion,1004106427,,,chrome,ZA
1770960289107,1004436127,conversion,1004106427,,,safari,ZA
1770959447243,1004436128,conversion,1004106427,,,edge,ZA
1770958409202,1004436128,conversion,1004106427,,,chrome,ZA
1770958039985,1004436127,conversion,1004106427,,,safari,ZA
1770957441436,1004436127,conversion,1004106427,,,safari,ZA
1770954990192,1004436127,conversion,1004106427,,,safari,ZA
1770950575046,1004436128,conversion,1004106427,,,chrome,ZA
1770945757227,1004436127,conversion,1004106427,,,safari,ZA
1770932158424,1004436128,conversion,1004106427,,,chrome,ZA
1770931562474,1004436127,conversion,1004106427,,,chrome,ZA
1770931484982,1004436128,conversion,1004106427,,,safari,ZA
1770928767907,1004436128,conversion,1004106427,,,safari,DE
1770927485552,1004436127,conversion,1004106427,,,chrome,ZA
1770926889304,1004436127,conversion,1004106427,,,chrome,ZA
1770926803186,1004436127,conversion,1004106427,,,safari,ZA
1770922702073,1004436128,conversion,1004106427,,,chrome,ZA
1770922393079,1004436128,conversion,1004106427,,,edge,ZA
1770922043030,1004436128,conversion,1004106427,,,firefox,ZA
1770921839235,1004436128,conversion,1004106427,,,chrome,ZA
1770921718052,1004436128,conversion,1004106427,,,safari,ZA
1770921320801,1004436127,conversion,1004106427,,,safari,ZA
1770920989398,1004436128,conversion,1004106427,,,chrome,ZA
1770920741036,1004436127,conversion,1004106427,,,chrome,ZA
1770919373313,1004436128,conversion,1004106427,,,safari,ZA
1770918333992,1004436127,conversion,1004106427,,,chrome,ZA
1770918132668,1004436127,conversion,1004106427,,,chrome,ZA
1770917116918,1004436128,conversion,1004106427,,,safari,ZA
1770917094938,1004436128,conversion,1004106427,,,chrome,ZA
1770916334979,1004436127,conversion,1004106427,,,safari,ZA
1770916296190,1004436128,conversion,1004106427,,,chrome,GH
1770914506415,1004436128,conversion,1004106427,,,safari,ZA
1770914197385,1004436127,conversion,1004106427,,,chrome,ZA
1770913296698,1004436128,conversion,1004106427,,,chrome,ZA
1770912705241,1004436128,conversion,1004106427,,,chrome,ZA
1770912307141,1004436127,conversion,1004106427,,,chrome,GB
1770911225157,1004436128,conversion,1004106427,,,safari,ZA
1770910663499,1004436128,conversion,1004106427,,,chrome,US
1770909316971,1004436127,conversion,1004106427,,,safari,ZA
1770905990304,1004436127,conversion,1004106427,,,safari,ZA
1770905541846,1004436128,conversion,1004106427,,,chrome,ZA
1770904239292,1004436127,conversion,1004106427,,,chrome,ZA
1770903133819,1004436128,conversion,1004106427,,,safari,ZA
1770902530798,1004436128,conversion,1004106427,,,chrome,ZA
1770902164108,1004436128,conversion,1004106427,,,chrome,ZA
1770902079588,1004436128,conversion,1004106427,,,chrome,ZA
1770902059741,1004436127,conversion,1004106427,,,chrome,ZA
1770901655316,1004436128,conversion,1004106427,,,chrome,ZA
1770900999403,1004436128,conversion,1004106427,,,chrome,ZA
1770900612946,1004436127,conversion,1004106427,,,safari,ZA
1770900557645,1004436127,conversion,1004106427,,,chrome,ZA
1770900237071,1004436127,conversion,1004106427,,,chrome,ZA
1770899857084,1004436127,conversion,1004106427,,,edge,ZA
1770899375757,1004436127,conversion,1004106427,,,chrome,ZA
1770898457476,1004436128,conversion,1004106427,,,chrome,ZA
1770897690241,1004436128,conversion,1004106427,,,chrome,ZA
1770896878315,1004436128,conversion,1004106427,,,chrome,ZA
1770896445060,1004436127,conversion,1004106427,,,safari,ZA
1770896206799,1004436128,conversion,1004106427,,,chrome,ZA
1770895757579,1004436127,conversion,1004106427,,,safari,ZA
1770895667219,1004436127,conversion,1004106427,,,chrome,ZA
1770895221429,1004436128,conversion,1004106427,,,safari,ZA
1770895108006,1004436128,conversion,1004106427,,,safari,DE
1770894424941,1004436128,conversion,1004106427,,,safari,ZA
1770894394870,1004436127,conversion,1004106427,,,safari,GB
1770894007548,1004436128,conversion,1004106427,,,chrome,ZA
1770893538622,1004436128,conversion,1004106427,,,safari,ZA
1770893534234,1004436127,conversion,1004106427,,,chrome,ZA
1770892269646,1004436127,conversion,1004106427,,,safari,ZA
1770892267867,1004436128,conversion,1004106427,,,firefox,ZA
1770891822852,1004436127,conversion,1004106427,,,chrome,ZA
1770891771253,1004436127,conversion,1004106427,,,safari,ZA
1770891593382,1004436128,conversion,1004106427,,,edge,ZA
1770890985278,1004436127,conversion,1004106427,,,chrome,ZA
1770890287146,1004436127,conversion,1004106427,,,safari,ZA
1770890122380,1004436127,conversion,1004106427,,,chrome,ZA
1770889879049,1004436127,conversion,1004106427,,,edge,ZA
1770889874257,1004436128,conversion,1004106427,,,safari,ZA
1770889659712,1004436128,conversion,1004106427,,,edge,ZA
1770889623768,1004436127,conversion,1004106427,,,safari,ZA
1770888940981,1004436127,conversion,1004106427,,,safari,ZA
1770888869005,1004436127,conversion,1004106427,,,chrome,ZA
1770888867870,1004436128,conversion,1004106427,,,chrome,ZA
1770888171608,1004436127,conversion,1004106427,,,chrome,ZA
1770888005987,1004436128,conversion,1004106427,,,safari,ZA
1770887971799,1004436127,conversion,1004106427,,,safari,ZA
1770887953716,1004436127,conversion,1004106427,,,safari,ZA
1770887868524,1004436128,conversion,1004106427,,,chrome,ZA
1770887331682,1004436128,conversion,1004106427,,,chrome,ZA
1770886899111,1004436127,conversion,1004106427,,,chrome,ZA
1770886870900,1004436128,conversion,1004106427,,,chrome,ZA
1770886850610,1004436128,conversion,1004106427,,,safari,ZA
1770886538081,1004436128,conversion,1004106427,,,chrome,ZA
1770885435047,1004436127,conversion,1004106427,,,chrome,ZA
1770885420087,1004436127,conversion,1004106427,,,safari,ZA
1770884660673,1004436127,conversion,1004106427,,,chrome,ZA
1770884373735,1004436128,conversion,1004106427,,,chrome,ZA
1770884179207,1004436128,conversion,1004106427,,,safari,ZA
1770884005861,1004436127,conversion,1004106427,,,safari,ZA
1770883909631,1004436128,conversion,1004106427,,,chrome,ZA
1770883562858,1004436127,conversion,1004106427,,,chrome,ZA
1770883550016,1004436127,conversion,1004106427,,,chrome,ZA
1770883188913,1004436128,conversion,1004106427,,,chrome,ZA
1770882619894,1004436127,conversion,1004106427,,,chrome,ZA
1770882447517,1004436127,conversion,1004106427,,,chrome,ZA
1770882388007,1004436128,conversion,1004106427,,,firefox,ZA
1770882384370,1004436127,conversion,1004106427,,,chrome,ZA
1770882320845,1004436127,conversion,1004106427,,,chrome,ZA
1770881850212,1004436127,conversion,1004106427,,,safari,ZA
1770880860531,1004436128,conversion,1004106427,,,chrome,ZA
1770880626775,1004436128,conversion,1004106427,,,chrome,ZA
1770880421353,1004436128,conversion,1004106427,,,chrome,ZA
1770880398135,1004436128,conversion,1004106427,,,chrome,ZA
1770880296152,1004436127,conversion,1004106427,,,safari,ZA
1770879952970,1004436128,conversion,1004106427,,,chrome,ZA
1770879861353,1004436127,conversion,1004106427,,,chrome,ZA
1770879383861,1004436128,conversion,1004106427,,,safari,ZA
1770879364149,1004436128,conversion,1004106427,,,chrome,ZA
1770878624225,1004436128,conversion,1004106427,,,chrome,ZA
1770878575200,1004436128,conversion,1004106427,,,edge,ZA
1770877982568,1004436127,conversion,1004106427,,,chrome,ZA
1770877668788,1004436127,conversion,1004106427,,,safari,ZA
1770877624696,1004436128,conversion,1004106427,,,chrome,ZA
1770877388536,1004436128,conversion,1004106427,,,safari,ZA
1770877237234,1004436128,conversion,1004106427,,,chrome,ZA
1770876836221,1004436127,conversion,1004106427,,,safari,ZA
1770876664751,1004436128,conversion,1004106427,,,chrome,ZA
1770873176903,1004436128,conversion,1004106427,,,chrome,ZA
1770872932869,1004436128,conversion,1004106427,,,safari,ZA
1770870296763,1004436127,conversion,1004106427,,,chrome,ZA
1770863688118,1004436128,conversion,1004106427,,,safari,MY
1770845827321,1004436127,conversion,1004106427,,,chrome,ZA
1770842599732,1004436128,conversion,1004106427,,,safari,ZA
1770841657554,1004436128,conversion,1004106427,,,safari,ZA
1770840734556,1004436127,conversion,1004106427,,,chrome,ZA
1770840581272,1004436127,conversion,1004106427,,,safari,ZA
1770840309889,1004436128,conversion,1004106427,,,safari,ZA
1770840171307,1004436127,conversion,1004106427,,,chrome,ZA
1770840074237,1004436127,conversion,1004106427,,,chrome,ZA
1770839232625,1004436128,conversion,1004106427,,,safari,ZA
1770839140840,1004436127,conversion,1004106427,,,safari,ZA
1770837415304,1004436128,conversion,1004106427,,,safari,ZA
1770836730022,1004436127,conversion,1004106427,,,safari,ZA
1770836642693,1004436128,conversion,1004106427,,,safari,ZA
1770836383063,1004436128,conversion,1004106427,,,chrome,ZA
1770836147730,1004436127,conversion,1004106427,,,safari,ZA
1770835808125,1004436127,conversion,1004106427,,,chrome,ZA
1770835226017,1004436127,conversion,1004106427,,,chrome,ZA
1770833575846,1004436127,conversion,1004106427,,,chrome,ZA
1770833564759,1004436128,conversion,1004106427,,,chrome,US
1770833512029,1004436128,conversion,1004106427,,,chrome,ZA
1770833320846,1004436127,conversion,1004106427,,,safari,ZA
1770832145818,1004436127,conversion,1004106427,,,chrome,ZA
1770831917038,1004436127,conversion,1004106427,,,chrome,ZA
1770831385153,1004436127,conversion,1004106427,,,safari,ZA
1770831334639,1004436127,conversion,1004106427,,,edge,ZA
1770830939668,1004436127,conversion,1004106427,,,chrome,GB
1770830601730,1004436127,conversion,1004106427,,,chrome,ZA
1770830211429,1004436128,conversion,1004106427,,,chrome,ZA
1770829841237,1004436127,conversion,1004106427,,,safari,ZA
1770827617109,1004436127,conversion,1004106427,,,safari,ZA
1770827279051,1004436127,conversion,1004106427,,,safari,ZA
1770826612482,1004436128,conversion,1004106427,,,safari,ZA
1770825629094,1004436127,conversion,1004106427,,,chrome,ZA
1770824643880,1004436128,conversion,1004106427,,,safari,ZA
1770824533076,1004436128,conversion,1004106427,,,chrome,ZA
1770824332399,1004436127,conversion,1004106427,,,chrome,US
1770824136180,1004436128,conversion,1004106427,,,safari,ZA
1770824105998,1004436128,conversion,1004106427,,,chrome,ZA
1770823799664,1004436127,conversion,1004106427,,,chrome,ZA
1770821952814,1004436127,conversion,1004106427,,,chrome,ZA
1770821790209,1004436127,conversion,1004106427,,,chrome,ZA
1770821428884,1004436127,conversion,1004106427,,,edge,ZA
1770820763232,1004436128,conversion,1004106427,,,safari,ZA
1770820747698,1004436128,conversion,1004106427,,,safari,ZA
1770819634270,1004436127,conversion,1004106427,,,edge,ZA
1770819566988,1004436128,conversion,1004106427,,,safari,ZA
1770818845058,1004436127,conversion,1004106427,,,safari,ZA
1770818684437,1004436128,conversion,1004106427,,,firefox,ZA
1770818116604,1004436127,conversion,1004106427,,,edge,ZA
1770818003514,1004436127,conversion,1004106427,,,chrome,ZA
1770817710543,1004436128,conversion,1004106427,,,chrome,CH
1770817238068,1004436128,conversion,1004106427,,,firefox,ZA
1770816829977,1004436127,conversion,1004106427,,,chrome,ZA
1770816644536,1004436127,conversion,1004106427,,,chrome,ZA
1770816290474,1004436128,conversion,1004106427,,,chrome,ZA
1770816225460,1004436128,conversion,1004106427,,,safari,ZA
1770816082746,1004436127,conversion,1004106427,,,chrome,ZA
1770815865543,1004436127,conversion,1004106427,,,safari,ZA
1770815026124,1004436128,conversion,1004106427,,,chrome,ZA
1770814652215,1004436127,conversion,1004106427,,,chrome,ZA
1770814135163,1004436128,conversion,1004106427,,,chrome,US
1770814060562,1004436127,conversion,1004106427,,,chrome,ZA
1770813133247,1004436128,conversion,1004106427,,,edge,ZA
1770812938052,1004436128,conversion,1004106427,,,safari,ZA
1770812624134,1004436127,conversion,1004106427,,,safari,MZ
1770812460275,1004436127,conversion,1004106427,,,chrome,ZA
1770812122739,1004436128,conversion,1004106427,,,chrome,ZA
1770811392267,1004436127,conversion,1004106427,,,chrome,ZA
1770811151260,1004436127,conversion,1004106427,,,edge,ZA
1770810949143,1004436127,conversion,1004106427,,,chrome,ZA
1770810647692,1004436127,conversion,1004106427,,,safari,ZA
1770810596143,1004436128,conversion,1004106427,,,chrome,ZA
1770810508412,1004436128,conversion,1004106427,,,safari,FI
1770810395155,1004436127,conversion,1004106427,,,edge,ZA
1770810085215,1004436127,conversion,1004106427,,,chrome,ZA
1770809806229,1004436128,conversion,1004106427,,,chrome,ZA
1770808826586,1004436127,conversion,1004106427,,,chrome,ZA
1770807838799,1004436128,conversion,1004106427,,,chrome,ZA
1770807117742,1004436128,conversion,1004106427,,,safari,ZA
1770806936378,1004436128,conversion,1004106427,,,firefox,ZA
1770805863649,1004436128,conversion,1004106427,,,edge,DE
1770805641418,1004436128,conversion,1004106427,,,chrome,ZA
1770805350566,1004436128,conversion,1004106427,,,chrome,ZA
1770804813695,1004436128,conversion,1004106427,,,chrome,ZA
1770804762982,1004436127,conversion,1004106427,,,safari,ZA
1770804549469,1004436127,conversion,1004106427,,,chrome,ZA
1770804484928,1004436127,conversion,1004106427,,,safari,ZA
1770804025386,1004436128,conversion,1004106427,,,chrome,ZA
1770804011373,1004436128,conversion,1004106427,,,chrome,ZA
1770803997776,1004436128,conversion,1004106427,,,safari,ZA
1770803552076,1004436128,conversion,1004106427,,,chrome,ZA
1770803512612,1004436127,conversion,1004106427,,,safari,ZA
1770803508195,1004436127,conversion,1004106427,,,chrome,ZA
1770803370484,1004436127,conversion,1004106427,,,chrome,ZA
1770803231909,1004436128,conversion,1004106427,,,safari,ZA
1770803152462,1004436128,conversion,1004106427,,,safari,ZA
1770802847609,1004436127,conversion,1004106427,,,safari,ZA
1770802642193,1004436128,conversion,1004106427,,,safari,ZA
1770802356984,1004436128,conversion,1004106427,,,chrome,ZA
1770802323860,1004436128,conversion,1004106427,,,safari,ZA
1770802166456,1004436128,conversion,1004106427,,,chrome,NL
1770802062301,1004436128,conversion,1004106427,,,safari,ZA
1770802020939,1004436127,conversion,1004106427,,,chrome,ZA
1770801944519,1004436128,conversion,1004106427,,,safari,ZA
1770801943904,1004436128,conversion,1004106427,,,safari,ZA
1770801711032,1004436127,conversion,1004106427,,,edge,ZA
1770801018182,1004436127,conversion,1004106427,,,edge,ZA
1770800997629,1004436128,conversion,1004106427,,,edge,ZA
1770800974665,1004436128,conversion,1004106427,,,edge,ZA
1770800817677,1004436128,conversion,1004106427,,,safari,ZA
1770800711324,1004436127,conversion,1004106427,,,edge,ZA
1770800525169,1004436128,conversion,1004106427,,,edge,ZA
1770800163664,1004436128,conversion,1004106427,,,safari,ZA
1770800059476,1004436128,conversion,1004106427,,,chrome,ZA
1770799985083,1004436128,conversion,1004106427,,,chrome,ZA
1770799764799,1004436128,conversion,1004106427,,,chrome,ZA
1770799350987,1004436128,conversion,1004106427,,,edge,ZA
1770799220484,1004436127,conversion,1004106427,,,chrome,ZA
1770798812553,1004436127,conversion,1004106427,,,chrome,ZA
1770798560642,1004436128,conversion,1004106427,,,safari,ZA
1770798531046,1004436128,conversion,1004106427,,,safari,ZA
1770798530661,1004436128,conversion,1004106427,,,edge,ZA
1770798250018,1004436127,conversion,1004106427,,,safari,ZA
1770798022027,1004436128,conversion,1004106427,,,chrome,ZA
1770797907892,1004436128,conversion,1004106427,,,chrome,ZA
1770797718801,1004436127,conversion,1004106427,,,chrome,ZA
1770797567069,1004436128,conversion,1004106427,,,safari,ZA
1770797291495,1004436127,conversion,1004106427,,,safari,ZA
1770797181472,1004436127,conversion,1004106427,,,safari,ZA
1770796999319,1004436128,conversion,1004106427,,,chrome,ZA
1770796994820,1004436128,conversion,1004106427,,,chrome,ZA
1770796739342,1004436127,conversion,1004106427,,,chrome,ZA
1770796709976,1004436128,conversion,1004106427,,,firefox,ZA
1770796444512,1004436128,conversion,1004106427,,,chrome,ZA
1770796399668,1004436127,conversion,1004106427,,,safari,ZA
1770796126976,1004436127,conversion,1004106427,,,safari,ZA
1770796091710,1004436127,conversion,1004106427,,,safari,ZA
1770795732568,1004436127,conversion,1004106427,,,safari,ZA
1770795514594,1004436127,conversion,1004106427,,,chrome,ZA
1770794517524,1004436127,conversion,1004106427,,,chrome,ZA
1770794481709,1004436128,conversion,1004106427,,,edge,ZA
1770794415550,1004436127,conversion,1004106427,,,edge,ZA
1770794204015,1004436128,conversion,1004106427,,,chrome,ZA
1770793780508,1004436128,conversion,1004106427,,,chrome,ZA
1770792900846,1004436128,conversion,1004106427,,,safari,ZA
1770792755718,1004436127,conversion,1004106427,,,safari,ZA
1770792729022,1004436127,conversion,1004106427,,,chrome,ZA
1770792479534,1004436127,conversion,1004106427,,,chrome,ZA
1770792158946,1004436127,conversion,1004106427,,,edge,ZA
1770792111711,1004436128,conversion,1004106427,,,chrome,ZA
1770792015728,1004436127,conversion,1004106427,,,edge,ZA
1770791762173,1004436127,conversion,1004106427,,,chrome,ZA
1770791680782,1004436128,conversion,1004106427,,,chrome,ZA
1770791625590,1004436127,conversion,1004106427,,,chrome,ZA
1770791595059,1004436128,conversion,1004106427,,,safari,ZA
1770791316600,1004436128,conversion,1004106427,,,chrome,ZA
1770791006327,1004436127,conversion,1004106427,,,safari,ZA
1770790962499,1004436128,conversion,1004106427,,,safari,ZA
1770790143051,1004436128,conversion,1004106427,,,safari,ZA
1770790012233,1004436127,conversion,1004106427,,,chrome,ZA
1770789960088,1004436127,conversion,1004106427,,,chrome,ZA
1770789926505,1004436128,conversion,1004106427,,,edge,ZA
1770788854017,1004436128,conversion,1004106427,,,chrome,ZA
1770788528681,1004436128,conversion,1004106427,,,chrome,ZA
1770788510016,1004436128,conversion,1004106427,,,safari,ZA
1770787984870,1004436127,conversion,1004106427,,,chrome,ZA
1770787765015,1004436127,conversion,1004106427,,,safari,ZA
1770787067342,1004436127,conversion,1004106427,,,chrome,ZA
1770786562005,1004436127,conversion,1004106427,,,chrome,ZA
1770786399860,1004436127,conversion,1004106427,,,chrome,ZA
1770785912001,1004436128,conversion,1004106427,,,safari,ZA
1770785732968,1004436127,conversion,1004106427,,,chrome,ZA
1770785626039,1004436128,conversion,1004106427,,,safari,ZA
1770784616580,1004436127,conversion,1004106427,,,safari,ZA
1770783392858,1004436128,conversion,1004106427,,,safari,ZA
1770781476093,1004436128,conversion,1004106427,,,safari,ZA
1770778651336,1004436127,conversion,1004106427,,,safari,ZA
1770777859906,1004436128,conversion,1004106427,,,safari,ZA
1770774983779,1004436127,conversion,1004106427,,,chrome,ZA
1770774526578,1004436128,conversion,1004106427,,,safari,US
1770770611044,1004436127,conversion,1004106427,,,chrome,ZA
1770769682050,1004436127,conversion,1004106427,,,safari,GB
1770768782092,1004436128,conversion,1004106427,,,chrome,CA
1770763111087,1004436128,conversion,1004106427,,,chrome,ZA
1770760729354,1004436127,conversion,1004106427,,,chrome,ZA
1770758736184,1004436128,conversion,1004106427,,,chrome,GB
1770757345838,1004436128,conversion,1004106427,,,chrome,ZA
1770756803000,1004436127,conversion,1004106427,,,firefox,ZA
1770756191148,1004436127,conversion,1004106427,,,safari,GB
1770755784944,1004436128,conversion,1004106427,,,chrome,ZA
1770755520240,1004436128,conversion,1004106427,,,safari,ZA
1770755233379,1004436128,conversion,1004106427,,,chrome,ZA
1770754893945,1004436127,conversion,1004106427,,,safari,ZA
1770754729723,1004436128,conversion,1004106427,,,safari,ZA
1770754573425,1004436128,conversion,1004106427,,,safari,ZA
1770754407672,1004436127,conversion,1004106427,,,edge,ZA
1770754299517,1004436128,conversion,1004106427,,,safari,ZA
1770753791174,1004436128,conversion,1004106427,,,chrome,ZA
1770751889889,1004436128,conversion,1004106427,,,chrome,ZA
1770751506760,1004436128,conversion,1004106427,,,chrome,ZA
1770751009605,1004436127,conversion,1004106427,,,chrome,ZA
1770750460799,1004436127,conversion,1004106427,,,safari,ZA
1770750089477,1004436128,conversion,1004106427,,,safari,ZA
1770749917387,1004436128,conversion,1004106427,,,chrome,ZA
1770749735232,1004436128,conversion,1004106427,,,chrome,ZA
1770748743843,1004436127,conversion,1004106427,,,safari,ZA
1770748016741,1004436127,conversion,1004106427,,,chrome,ZA
1770747758053,1004436128,conversion,1004106427,,,chrome,ZA
1770747310728,1004436128,conversion,1004106427,,,safari,ZA
1770747216834,1004436128,conversion,1004106427,,,safari,ZA
1770746430144,1004436128,conversion,1004106427,,,safari,ZA
1770745694675,1004436127,conversion,1004106427,,,chrome,ZA
1770745451581,1004436127,conversion,1004106427,,,chrome,ZA
1770745299555,1004436128,conversion,1004106427,,,chrome,ZA
1770744240489,1004436127,conversion,1004106427,,,safari,ZA
1770744211651,1004436127,conversion,1004106427,,,chrome,ZA
1770743269252,1004436128,conversion,1004106427,,,safari,ZA
1770742357267,1004436127,conversion,1004106427,,,safari,ZA
1770741414471,1004436127,conversion,1004106427,,,safari,ZA
1770741278832,1004436128,conversion,1004106427,,,safari,ZA
1770741114073,1004436128,conversion,1004106427,,,edge,ZA
1770740846749,1004436127,conversion,1004106427,,,chrome,ZA
1770740372887,1004436128,conversion,1004106427,,,safari,ZA
1770740342116,1004436128,conversion,1004106427,,,safari,ZA
1770737685338,1004436128,conversion,1004106427,,,chrome,ZA
1770736394806,1004436128,conversion,1004106427,,,safari,ZA
1770736302581,1004436128,conversion,1004106427,,,safari,ZA
1770735876753,1004436127,conversion,1004106427,,,safari,ZA
1770735598682,1004436128,conversion,1004106427,,,safari,ZA
1770734904707,1004436127,conversion,1004106427,,,chrome,ZA
1770734848978,1004436127,conversion,1004106427,,,chrome,ZA
1770734813702,1004436128,conversion,1004106427,,,safari,ZA
1770734695721,1004436127,conversion,1004106427,,,safari,ZA
1770734555005,1004436127,conversion,1004106427,,,chrome,ZA
1770733725326,1004436127,conversion,1004106427,,,edge,ZA
1770731944459,1004436128,conversion,1004106427,,,chrome,ZA
1770731607012,1004436127,conversion,1004106427,,,safari,ZA
1770731425561,1004436127,conversion,1004106427,,,safari,ZA
1770731262329,1004436128,conversion,1004106427,,,safari,ZA
1770731242295,1004436127,conversion,1004106427,,,edge,ZA
1770731216558,1004436128,conversion,1004106427,,,safari,ZA
1770729777061,1004436127,conversion,1004106427,,,chrome,ZA
1770729735634,1004436128,conversion,1004106427,,,chrome,ZA
1770729683677,1004436127,conversion,1004106427,,,chrome,ZA
1770728931815,1004436127,conversion,1004106427,,,safari,ZA
1770728355729,1004436128,conversion,1004106427,,,safari,ZA
1770727207240,1004436128,conversion,1004106427,,,safari,ZA
1770726618302,1004436127,conversion,1004106427,,,chrome,ZA
1770725867320,1004436127,conversion,1004106427,,,safari,ZA
1770725456221,1004436128,conversion,1004106427,,,chrome,ZA
1770725432057,1004436128,conversion,1004106427,,,chrome,ZA
1770725380549,1004436127,conversion,1004106427,,,edge,ZA
1770725379007,1004436128,conversion,1004106427,,,safari,ZA
1770725082432,1004436127,conversion,1004106427,,,safari,ZA
1770725036756,1004436127,conversion,1004106427,,,chrome,ZA
1770725018372,1004436127,conversion,1004106427,,,safari,MU
1770724838239,1004436127,conversion,1004106427,,,chrome,ZA
1770724811929,1004436127,conversion,1004106427,,,safari,ZA
1770724442537,1004436128,conversion,1004106427,,,chrome,ZA
1770724432928,1004436127,conversion,1004106427,,,safari,ZA
1770724265941,1004436127,conversion,1004106427,,,safari,ZA
1770724249675,1004436127,conversion,1004106427,,,edge,ZA
1770724206609,1004436128,conversion,1004106427,,,safari,ZA
1770724151754,1004436127,conversion,1004106427,,,chrome,ZA
1770723997708,1004436128,conversion,1004106427,,,safari,ZA
1770723919821,1004436128,conversion,1004106427,,,safari,ZA
1770723822027,1004436128,conversion,1004106427,,,safari,ZA
1770723751274,1004436128,conversion,1004106427,,,safari,ZA
1770723654210,1004436128,conversion,1004106427,,,safari,ZA
1770723651396,1004436127,conversion,1004106427,,,chrome,ZA
1770723587109,1004436128,conversion,1004106427,,,chrome,ZA
1770723571738,1004436128,conversion,1004106427,,,safari,ZA
1770723282619,1004436127,conversion,1004106427,,,safari,ZA
1770723205114,1004436127,conversion,1004106427,,,edge,ZA
1770723119269,1004436128,conversion,1004106427,,,chrome,ZA
1770723086922,1004436128,conversion,1004106427,,,chrome,ZA
1770723081453,1004436128,conversion,1004106427,,,safari,ZA
1770723078135,1004436128,conversion,1004106427,,,safari,ZA
1770723074671,1004436127,conversion,1004106427,,,edge,ZA
1770723054735,1004436127,conversion,1004106427,,,chrome,ZA
1770722815330,1004436128,conversion,1004106427,,,chrome,ZA
1770722708724,1004436127,conversion,1004106427,,,chrome,ZA
1770722668938,1004436128,conversion,1004106427,,,safari,ZA
1770722662566,1004436128,conversion,1004106427,,,chrome,ZA
1770722637342,1004436127,conversion,1004106427,,,safari,ZA
1770722627588,1004436128,conversion,1004106427,,,safari,ZA
1770722626537,1004436128,conversion,1004106427,,,safari,ZA
1770722600571,1004436128,conversion,1004106427,,,chrome,ZA
1770722474585,1004436128,conversion,1004106427,,,safari,ZA
1770722443349,1004436128,conversion,1004106427,,,edge,ZA
1770722423592,1004436128,conversion,1004106427,,,safari,ZA
1770722373774,1004436128,conversion,1004106427,,,chrome,ZA
1770722329233,1004436127,conversion,1004106427,,,chrome,ZA
1770722313276,1004436127,conversion,1004106427,,,chrome,ZA
1770722302729,1004436127,conversion,1004106427,,,edge,ZA
1770722242366,1004436127,conversion,1004106427,,,safari,ZA
1770722231502,1004436128,conversion,1004106427,,,chrome,ZA
1770722201581,1004436128,conversion,1004106427,,,chrome,ZA
1770722197450,1004436127,conversion,1004106427,,,firefox,ZA
1770722142966,1004436128,conversion,1004106427,,,safari,ZA
1770722093925,1004436128,conversion,1004106427,,,safari,ZA
1770722067823,1004436128,conversion,1004106427,,,chrome,ZA
1770722010780,1004436127,conversion,1004106427,,,safari,ZA
1770721839697,1004436127,conversion,1004106427,,,chrome,ZA
1770721833337,1004436127,conversion,1004106427,,,safari,ZA
1770721784569,1004436127,conversion,1004106427,,,edge,ZA
1770721710543,1004436127,conversion,1004106427,,,firefox,ZA
1770721699177,1004436127,conversion,1004106427,,,chrome,ZA
1770721642803,1004436127,conversion,1004106427,,,chrome,ZA
1770721640562,1004436127,conversion,1004106427,,,safari,ZA
1770721627287,1004436127,conversion,1004106427,,,chrome,ZA
1770721612068,1004436128,conversion,1004106427,,,chrome,ZA
1770721598780,1004436127,conversion,1004106427,,,chrome,ZA
1770721588856,1004436128,conversion,1004106427,,,edge,ZA
1770721569190,1004436127,conversion,1004106427,,,safari,ZA
1770721568876,1004436128,conversion,1004106427,,,chrome,ZA
1770721551481,1004436128,conversion,1004106427,,,chrome,ZA
1770721462297,1004436128,conversion,1004106427,,,edge,ZA
1770721459254,1004436127,conversion,1004106427,,,chrome,ZA
1770721405824,1004436127,conversion,1004106427,,,chrome,ZA
1770721389792,1004436127,conversion,1004106427,,,firefox,ZA
1770721374556,1004436127,conversion,1004106427,,,chrome,ZA
1770721365471,1004436128,conversion,1004106427,,,edge,ZA
1770721290553,1004436128,conversion,1004106427,,,chrome,ZA
1770721139842,1004436127,conversion,1004106427,,,chrome,ZA
1770721033468,1004436128,conversion,1004106427,,,chrome,ZA
1770720759852,1004436128,conversion,1004106427,,,safari,ZA
1770720687105,1004436128,conversion,1004106427,,,chrome,ZA
1770720325451,1004436127,conversion,1004106427,,,chrome,ZA
1770720076760,1004436127,conversion,1004106427,,,chrome,ZA
1770719699881,1004436128,conversion,1004106427,,,chrome,ZA
1770719387894,1004436128,conversion,1004106427,,,edge,ZA
1770719182377,1004436127,conversion,1004106427,,,chrome,ZA
1770718937748,1004436127,conversion,1004106427,,,chrome,ZA
1770718532334,1004436127,conversion,1004106427,,,safari,ZA
1770718246069,1004436127,conversion,1004106427,,,chrome,ZA
1770718209754,1004436127,conversion,1004106427,,,safari,ZA
1770717369103,1004436128,conversion,1004106427,,,safari,ZA
1770717266733,1004436127,conversion,1004106427,,,safari,ZA
1770716847167,1004436127,conversion,1004106427,,,chrome,ZA
1770716775886,1004436128,conversion,1004106427,,,chrome,ZA
1770716587610,1004436127,conversion,1004106427,,,safari,ZA
1770716484828,1004436128,conversion,1004106427,,,safari,ZA
1770715984413,1004436127,conversion,1004106427,,,chrome,ZA
1770715944928,1004436128,conversion,1004106427,,,edge,ZA
1770715235906,1004436128,conversion,1004106427,,,safari,ZA
1770715235694,1004436128,conversion,1004106427,,,safari,ZA
1770715036718,1004436128,conversion,1004106427,,,edge,ZA
1770714992034,1004436128,conversion,1004106427,,,chrome,ZA
1770714725323,1004436127,conversion,1004106427,,,safari,ZA
1770714550026,1004436128,conversion,1004106427,,,safari,ZA
1770714522347,1004436128,conversion,1004106427,,,firefox,ZA
1770713088603,1004436127,conversion,1004106427,,,chrome,ZA
1770712571989,1004436128,conversion,1004106427,,,chrome,ZA
1770712245829,1004436128,conversion,1004106427,,,chrome,ZA
1770711453218,1004436127,conversion,1004106427,,,edge,ZA
1770711442812,1004436127,conversion,1004106427,,,chrome,ZA
1770711345846,1004436128,conversion,1004106427,,,chrome,ZA
1770711301655,1004436128,conversion,1004106427,,,safari,ZA
1770710831363,1004436127,conversion,1004106427,,,safari,ZA
1770710716120,1004436127,conversion,1004106427,,,chrome,ZA
1770710419528,1004436128,conversion,1004106427,,,safari,ZA
1770710294159,1004436127,conversion,1004106427,,,safari,ZA
1770710078895,1004436127,conversion,1004106427,,,firefox,ZA
1770709675936,1004436127,conversion,1004106427,,,safari,ZA
1770709522349,1004436127,conversion,1004106427,,,chrome,ZA
1770708372682,1004436127,conversion,1004106427,,,chrome,ZA
1770708043468,1004436127,conversion,1004106427,,,safari,ZA
1770707942032,1004436127,conversion,1004106427,,,chrome,ZA
1770707893685,1004436128,conversion,1004106427,,,safari,ZA
1770707857037,1004436127,conversion,1004106427,,,chrome,ZA
1770707855840,1004436127,conversion,1004106427,,,safari,ZA
1770707695049,1004436128,conversion,1004106427,,,chrome,ZA
1770707299537,1004436128,conversion,1004106427,,,chrome,ZA
1770706599176,1004436127,conversion,1004106427,,,safari,GB
1770706391044,1004436127,conversion,1004106427,,,safari,ZA
1770706329581,1004436127,conversion,1004106427,,,chrome,ZA
1770706121531,1004436128,conversion,1004106427,,,chrome,ZA
1770705778427,1004436128,conversion,1004106427,,,chrome,ZA
1770705311689,1004436128,conversion,1004106427,,,chrome,ZA
1770704973101,1004436127,conversion,1004106427,,,chrome,ZA
1770703812368,1004436127,conversion,1004106427,,,chrome,ZA
1770703642498,1004436127,conversion,1004106427,,,chrome,ZA
1770703528264,1004436128,conversion,1004106427,,,chrome,ZA
1770703127296,1004436128,conversion,1004106427,,,edge,ZA
1770702968799,1004436127,conversion,1004106427,,,edge,DE
1770702756125,1004436127,conversion,1004106427,,,safari,ZA
1770702430872,1004436127,conversion,1004106427,,,chrome,ZA
1770701368605,1004436127,conversion,1004106427,,,safari,ZA
1770698695789,1004436127,conversion,1004106427,,,firefox,ZA
1770698017172,1004436127,conversion,1004106427,,,chrome,ZA
1770696764016,1004436127,conversion,1004106427,,,edge,AE
1770696517386,1004436128,conversion,1004106427,,,safari,ZA
1770696343547,1004436128,conversion,1004106427,,,safari,ZA
1770694818934,1004436128,conversion,1004106427,,,safari,ZA
1770692465040,1004436128,conversion,1004106427,,,chrome,ZA
1770685477251,1004436127,conversion,1004106427,,,safari,ZA
1770673122178,1004436127,conversion,1004106427,,,safari,ZA
1770672511384,1004436128,conversion,1004106427,,,chrome,ZA
1770671676416,1004436127,conversion,1004106427,,,safari,ZA
1770669826279,1004436128,conversion,1004106427,,,chrome,ZA
1770669726455,1004436128,conversion,1004106427,,,safari,ZA
1770669634336,1004436128,conversion,1004106427,,,safari,ZA
1770669231987,1004436128,conversion,1004106427,,,safari,ZA
1770666954775,1004436128,conversion,1004106427,,,safari,ZA
1770666611456,1004436127,conversion,1004106427,,,safari,ZA
1770666454833,1004436128,conversion,1004106427,,,chrome,ZA
1770666335670,1004436128,conversion,1004106427,,,safari,ZA
1770665580410,1004436128,conversion,1004106427,,,safari,KR
1770665219642,1004436128,conversion,1004106427,,,chrome,ZA
1770665092041,1004436128,conversion,1004106427,,,chrome,ZA
1770665066827,1004436127,conversion,1004106427,,,chrome,ZA
1770664429465,1004436128,conversion,1004106427,,,chrome,ZA
1770664347115,1004436128,conversion,1004106427,,,chrome,ZA
1770663990111,1004436128,conversion,1004106427,,,chrome,ZA
1770663584426,1004436128,conversion,1004106427,,,chrome,ZA
1770663246822,1004436127,conversion,1004106427,,,chrome,ZA
1770663093850,1004436127,conversion,1004106427,,,chrome,ZA
1770662916648,1004436127,conversion,1004106427,,,safari,ZA
1770662428676,1004436127,conversion,1004106427,,,safari,ZA
1770662368227,1004436127,conversion,1004106427,,,chrome,ZA
1770661335403,1004436127,conversion,1004106427,,,chrome,ZA
1770660923180,1004436127,conversion,1004106427,,,safari,ZA
1770660786443,1004436128,conversion,1004106427,,,safari,ZA
1770660614174,1004436128,conversion,1004106427,,,safari,ZA
1770659948719,1004436128,conversion,1004106427,,,safari,ZA
1770659888874,1004436127,conversion,1004106427,,,safari,ZA
1770659342746,1004436127,conversion,1004106427,,,chrome,ZA
1770658636357,1004436128,conversion,1004106427,,,safari,ZA
1770657618647,1004436127,conversion,1004106427,,,safari,ZA
1770657164684,1004436128,conversion,1004106427,,,chrome,ZA
1770655075946,1004436127,conversion,1004106427,,,chrome,ZA
1770654860777,1004436128,conversion,1004106427,,,chrome,ZA
1770654650935,1004436128,conversion,1004106427,,,chrome,ZA
1770654649530,1004436128,conversion,1004106427,,,safari,ZA
1770654483608,1004436128,conversion,1004106427,,,safari,ZA
1770653955259,1004436127,conversion,1004106427,,,safari,ZA
1770653649022,1004436127,conversion,1004106427,,,safari,ZA
1770653347412,1004436128,conversion,1004106427,,,safari,ZA
1770652787820,1004436127,conversion,1004106427,,,chrome,ZA
1770651235828,1004436127,conversion,1004106427,,,chrome,ZA
1770651233206,1004436128,conversion,1004106427,,,chrome,ZA
1770651167358,1004436128,conversion,1004106427,,,chrome,ZA
1770651006606,1004436127,conversion,1004106427,,,chrome,ZA
1770650798236,1004436128,conversion,1004106427,,,safari,ZA
1770649760480,1004436128,conversion,1004106427,,,chrome,ZA
1770649601927,1004436128,conversion,1004106427,,,chrome,ZA
1770649395232,1004436128,conversion,1004106427,,,safari,ZA
1770649254804,1004436128,conversion,1004106427,,,safari,ZA
1770649083851,1004436128,conversion,1004106427,,,chrome,ZA
1770648942510,1004436128,conversion,1004106427,,,chrome,ZA
1770648620270,1004436127,conversion,1004106427,,,chrome,ZA
1770648252548,1004436127,conversion,1004106427,,,chrome,ZA
1770648227762,1004436128,conversion,1004106427,,,safari,ZA
1770648072900,1004436128,conversion,1004106427,,,safari,ZA
1770648030101,1004436127,conversion,1004106427,,,chrome,ZA
1770647134016,1004436128,conversion,1004106427,,,chrome,ZA
1770646293567,1004436127,conversion,1004106427,,,chrome,ZA
1770646195244,1004436127,conversion,1004106427,,,safari,ZA
1770645543987,1004436128,conversion,1004106427,,,safari,ZA
1770645495639,1004436128,conversion,1004106427,,,chrome,ZA
1770644972353,1004436128,conversion,1004106427,,,chrome,ZA
1770644783110,1004436128,conversion,1004106427,,,safari,ZA
1770644668471,1004436128,conversion,1004106427,,,chrome,ZA
1770644596507,1004436127,conversion,1004106427,,,chrome,ZA
1770644553188,1004436127,conversion,1004106427,,,chrome,ZA
1770644039709,1004436128,conversion,1004106427,,,chrome,ZA
1770643245522,1004436127,conversion,1004106427,,,safari,ZA
1770642859104,1004436127,conversion,1004106427,,,chrome,ZA
1770641490580,1004436127,conversion,1004106427,,,chrome,ZA
1770641434681,1004436127,conversion,1004106427,,,safari,ZA
1770641357483,1004436128,conversion,1004106427,,,chrome,ZA
1770640548315,1004436127,conversion,1004106427,,,edge,ZA
1770640182096,1004436128,conversion,1004106427,,,chrome,ZA
1770640036268,1004436128,conversion,1004106427,,,safari,ZA
1770639595542,1004436127,conversion,1004106427,,,chrome,ZA
1770639488229,1004436127,conversion,1004106427,,,safari,ZA
1770639384767,1004436128,conversion,1004106427,,,chrome,ZA
1770638812646,1004436127,conversion,1004106427,,,safari,ZA
1770638771700,1004436128,conversion,1004106427,,,safari,AU
1770638451799,1004436128,conversion,1004106427,,,chrome,ZA
1770637316593,1004436128,conversion,1004106427,,,chrome,ZA
1770637278694,1004436127,conversion,1004106427,,,chrome,ZA
1770637171954,1004436128,conversion,1004106427,,,chrome,ZA
1770637100110,1004436128,conversion,1004106427,,,safari,ZA
1770636928189,1004436128,conversion,1004106427,,,safari,ZA
1770636872862,1004436128,conversion,1004106427,,,safari,ZA
1770636824351,1004436128,conversion,1004106427,,,edge,ZA
1770636256124,1004436128,conversion,1004106427,,,safari,ZA
1770636196794,1004436128,conversion,1004106427,,,safari,ZA
1770636194885,1004436127,conversion,1004106427,,,chrome,ZA
1770636038029,1004436128,conversion,1004106427,,,chrome,ZA
1770636031549,1004436128,conversion,1004106427,,,edge,ZA
1770635572372,1004436128,conversion,1004106427,,,safari,ZA
1770634852752,1004436128,conversion,1004106427,,,safari,ZA
1770634830456,1004436127,conversion,1004106427,,,safari,ZA
1770633944672,1004436127,conversion,1004106427,,,chrome,ZA
1770633640729,1004436127,conversion,1004106427,,,safari,ZA
1770633300401,1004436127,conversion,1004106427,,,edge,ZA
1770632841244,1004436127,conversion,1004106427,,,chrome,ZA
1770632534126,1004436127,conversion,1004106427,,,safari,ZA
1770632317186,1004436128,conversion,1004106427,,,chrome,ZA
1770632087259,1004436127,conversion,1004106427,,,firefox,ZA
1770631922809,1004436128,conversion,1004106427,,,safari,ZA
1770631743918,1004436127,conversion,1004106427,,,safari,ZA
1770631695446,1004436128,conversion,1004106427,,,safari,ZA
1770631469559,1004436127,conversion,1004106427,,,safari,ZA
1770631290999,1004436128,conversion,1004106427,,,chrome,ZA
1770631056883,1004436127,conversion,1004106427,,,safari,ZA
1770630878880,1004436128,conversion,1004106427,,,chrome,ZA
1770630567133,1004436127,conversion,1004106427,,,edge,ZA
1770630522029,1004436128,conversion,1004106427,,,safari,ZA
1770630448868,1004436127,conversion,1004106427,,,safari,ZA
1770630137643,1004436128,conversion,1004106427,,,edge,ZA
1770630119382,1004436128,conversion,1004106427,,,chrome,ZA
1770629840875,1004436127,conversion,1004106427,,,safari,ZA
1770629441864,1004436127,conversion,1004106427,,,chrome,ZA
1770629155459,1004436128,conversion,1004106427,,,safari,ZA
1770629136156,1004436128,conversion,1004106427,,,chrome,ZA
1770629130213,1004436127,conversion,1004106427,,,chrome,ZA
1770628547240,1004436128,conversion,1004106427,,,chrome,ZA
1770628512795,1004436128,conversion,1004106427,,,safari,ZA
1770628406456,1004436128,conversion,1004106427,,,chrome,ZA
1770628368275,1004436128,conversion,1004106427,,,chrome,ZA
1770628179544,1004436128,conversion,1004106427,,,safari,ZA
1770628168082,1004436127,conversion,1004106427,,,safari,ZA
1770628120819,1004436128,conversion,1004106427,,,chrome,ZA
1770627918394,1004436127,conversion,1004106427,,,safari,ZA
1770627842270,1004436128,conversion,1004106427,,,chrome,ZA
1770627652945,1004436127,conversion,1004106427,,,chrome,ZA
1770627397831,1004436128,conversion,1004106427,,,chrome,ZA
1770627391307,1004436128,conversion,1004106427,,,edge,ZA
1770627190117,1004436127,conversion,1004106427,,,safari,ZA
1770627065022,1004436128,conversion,1004106427,,,safari,ZA
1770626877903,1004436127,conversion,1004106427,,,chrome,ZA
1770626840813,1004436127,conversion,1004106427,,,chrome,ZA
1770626217569,1004436127,conversion,1004106427,,,edge,ZA
1770625600065,1004436128,conversion,1004106427,,,edge,ZA
1770625497632,1004436128,conversion,1004106427,,,firefox,ZA
1770625394699,1004436128,conversion,1004106427,,,edge,ZA
1770625166936,1004436128,conversion,1004106427,,,chrome,ZA
1770624835673,1004436127,conversion,1004106427,,,chrome,ZA
1770624684226,1004436127,conversion,1004106427,,,chrome,ZA
1770624508791,1004436128,conversion,1004106427,,,chrome,ZA
1770623510700,1004436128,conversion,1004106427,,,safari,ZA
1770623414000,1004436127,conversion,1004106427,,,chrome,ZA
1770623325104,1004436127,conversion,1004106427,,,edge,ZA
1770623301481,1004436128,conversion,1004106427,,,chrome,ZA
1770622953708,1004436127,conversion,1004106427,,,safari,ZA
1770622500819,1004436128,conversion,1004106427,,,edge,ZA
1770622347145,1004436128,conversion,1004106427,,,chrome,ZA
1770622244749,1004436128,conversion,1004106427,,,safari,ZA
1770622157692,1004436127,conversion,1004106427,,,safari,ZA
1770622113369,1004436127,conversion,1004106427,,,chrome,ZA
1770621960454,1004436127,conversion,1004106427,,,chrome,ZA
1770621887835,1004436128,conversion,1004106427,,,safari,ZA
1770621811463,1004436127,conversion,1004106427,,,chrome,ZA
1770621804816,1004436127,conversion,1004106427,,,safari,ZA
1770621415279,1004436128,conversion,1004106427,,,safari,ZA
1770621311252,1004436127,conversion,1004106427,,,chrome,ZA
1770621053488,1004436127,conversion,1004106427,,,edge,ZA
1770620809206,1004436127,conversion,1004106427,,,chrome,ZA
1770620632399,1004436128,conversion,1004106427,,,chrome,ZA
1770620578969,1004436127,conversion,1004106427,,,safari,ZA
1770620487904,1004436128,conversion,1004106427,,,chrome,ZA
1770620322550,1004436128,conversion,1004106427,,,safari,ZA
1770620252857,1004436127,conversion,1004106427,,,safari,ZA
1770619501712,1004436128,conversion,1004106427,,,safari,ZA
1770619095092,1004436127,conversion,1004106427,,,safari,ZA
1770618989940,1004436127,conversion,1004106427,,,chrome,ZA
1770617652264,1004436127,conversion,1004106427,,,safari,ZA
1770617640655,1004436127,conversion,1004106427,,,chrome,ZA
1770616503613,1004436127,conversion,1004106427,,,chrome,ZA
1770614423680,1004436127,conversion,1004106427,,,safari,ZA
1770614224400,1004436128,conversion,1004106427,,,safari,ZA
1770614061466,1004436127,conversion,1004106427,,,safari,ZA
1770611712562,1004436127,conversion,1004106427,,,safari,ZA
1770611689285,1004436127,conversion,1004106427,,,chrome,ZA
1770610201589,1004436127,conversion,1004106427,,,chrome,ZA
1770583243728,1004436128,conversion,1004106427,,,chrome,ZA
1770582065456,1004436127,conversion,1004106427,,,safari,ZA
1770580820583,1004436128,conversion,1004106427,,,safari,ZA
1770580521601,1004436127,conversion,1004106427,,,chrome,ZA
1770579445227,1004436128,conversion,1004106427,,,safari,GB
1770578766085,1004436128,conversion,1004106427,,,chrome,ZA
1770578083146,1004436128,conversion,1004106427,,,chrome,ZA
1770577977162,1004436128,conversion,1004106427,,,chrome,ZA
1770577847103,1004436127,conversion,1004106427,,,chrome,ZA
1770577658510,1004436127,conversion,1004106427,,,safari,ZA
1770576689294,1004436128,conversion,1004106427,,,safari,ZA
1770575587745,1004436127,conversion,1004106427,,,chrome,ZA
1770575570507,1004436127,conversion,1004106427,,,chrome,ZA
1770575539839,1004436128,conversion,1004106427,,,chrome,ZA
1770575435523,1004436128,conversion,1004106427,,,safari,ZA
1770575235251,1004436128,conversion,1004106427,,,safari,ZA
1770573650396,1004436127,conversion,1004106427,,,chrome,ZA
1770573575689,1004436128,conversion,1004106427,,,chrome,ZA
1770573366647,1004436128,conversion,1004106427,,,safari,ZA
1770573251929,1004436128,conversion,1004106427,,,safari,ZA
1770573235494,1004436128,conversion,1004106427,,,safari,ZA
1770573059629,1004436127,conversion,1004106427,,,safari,ZA
1770572218294,1004436128,conversion,1004106427,,,safari,ZA
1770571928621,1004436127,conversion,1004106427,,,safari,ZA
1770571828795,1004436128,conversion,1004106427,,,chrome,ZA
1770571491693,1004436127,conversion,1004106427,,,safari,ZA
1770571269560,1004436128,conversion,1004106427,,,safari,ZA
1770571117183,1004436127,conversion,1004106427,,,safari,ZA
1770571090613,1004436128,conversion,1004106427,,,edge,ZA
1770570830206,1004436128,conversion,1004106427,,,safari,ZA
1770569405293,1004436128,conversion,1004106427,,,safari,ZA
1770568987854,1004436128,conversion,1004106427,,,safari,ZA
1770568769350,1004436128,conversion,1004106427,,,safari,ZA
1770568439772,1004436127,conversion,1004106427,,,chrome,ZA
1770568060765,1004436128,conversion,1004106427,,,chrome,ZA
1770567603701,1004436128,conversion,1004106427,,,safari,ZA
1770567554413,1004436128,conversion,1004106427,,,chrome,ZA
1770567304932,1004436128,conversion,1004106427,,,safari,ZA
1770567237639,1004436127,conversion,1004106427,,,safari,ZA
1770565917312,1004436128,conversion,1004106427,,,safari,ZA
1770564950802,1004436128,conversion,1004106427,,,chrome,ZA
1770563877476,1004436128,conversion,1004106427,,,chrome,ZA
1770563598153,1004436127,conversion,1004106427,,,chrome,ZA
1770563405425,1004436128,conversion,1004106427,,,safari,ZA
1770563019311,1004436127,conversion,1004106427,,,safari,ZA
1770562832736,1004436128,conversion,1004106427,,,safari,ZA
1770562722663,1004436128,conversion,1004106427,,,safari,ZA
1770562420338,1004436128,conversion,1004106427,,,chrome,GB
1770562105003,1004436128,conversion,1004106427,,,safari,US
1770561509701,1004436128,conversion,1004106427,,,safari,ZA
1770561195349,1004436128,conversion,1004106427,,,safari,ZA
1770561146950,1004436128,conversion,1004106427,,,safari,ZA
1770560605501,1004436128,conversion,1004106427,,,chrome,ZA
1770560462863,1004436128,conversion,1004106427,,,safari,ZA
1770560220551,1004436127,conversion,1004106427,,,safari,ZA
1770560160245,1004436128,conversion,1004106427,,,chrome,ZA
1770560099745,1004436127,conversion,1004106427,,,chrome,ZA
1770558794860,1004436127,conversion,1004106427,,,safari,ZA
1770558238471,1004436127,conversion,1004106427,,,chrome,ZA
1770557996244,1004436128,conversion,1004106427,,,safari,ZA
1770557913535,1004436128,conversion,1004106427,,,safari,ZA
1770557800550,1004436128,conversion,1004106427,,,safari,ZA
1770557175125,1004436127,conversion,1004106427,,,safari,ZA
1770555477170,1004436127,conversion,1004106427,,,safari,ZA
1770554926608,1004436128,conversion,1004106427,,,safari,ZA
1770554896762,1004436128,conversion,1004106427,,,safari,ZA
1770554425537,1004436128,conversion,1004106427,,,safari,ZA
1770553487032,1004436128,conversion,1004106427,,,safari,ZA
1770553410657,1004436128,conversion,1004106427,,,safari,ZA
1770553376540,1004436127,conversion,1004106427,,,chrome,ZA
1770553036160,1004436127,conversion,1004106427,,,chrome,ZA
1770552701856,1004436127,conversion,1004106427,,,safari,ZA
1770551782960,1004436127,conversion,1004106427,,,safari,ZA
1770551537337,1004436127,conversion,1004106427,,,safari,ZA
1770551409345,1004436127,conversion,1004106427,,,chrome,ZA
1770551396003,1004436127,conversion,1004106427,,,chrome,ZA
1770550045390,1004436128,conversion,1004106427,,,safari,ZA
1770549995717,1004436128,conversion,1004106427,,,safari,ZA
1770549651686,1004436128,conversion,1004106427,,,safari,ZA
1770549486723,1004436128,conversion,1004106427,,,safari,ZA
1770549323380,1004436127,conversion,1004106427,,,safari,ZA
1770548800100,1004436127,conversion,1004106427,,,chrome,ZA
1770548519348,1004436127,conversion,1004106427,,,safari,ZA
1770547085879,1004436127,conversion,1004106427,,,chrome,ZA
1770546671247,1004436128,conversion,1004106427,,,safari,ZA
1770546668112,1004436127,conversion,1004106427,,,safari,ZA
1770546573207,1004436128,conversion,1004106427,,,safari,ZA
1770546205568,1004436128,conversion,1004106427,,,safari,ZA
1770545970147,1004436128,conversion,1004106427,,,safari,ZA
1770545853480,1004436127,conversion,1004106427,,,chrome,NL
1770545076179,1004436127,conversion,1004106427,,,safari,ZA
1770545015069,1004436127,conversion,1004106427,,,chrome,ZA
1770544901720,1004436127,conversion,1004106427,,,edge,ZA
1770544734764,1004436128,conversion,1004106427,,,safari,ZA
1770544654943,1004436127,conversion,1004106427,,,safari,ZA
1770544507894,1004436128,conversion,1004106427,,,safari,ZA
1770544170667,1004436127,conversion,1004106427,,,safari,ZA
1770543965840,1004436127,conversion,1004106427,,,safari,US
1770543803605,1004436127,conversion,1004106427,,,safari,ZA
1770543691514,1004436127,conversion,1004106427,,,chrome,ZA
1770543362070,1004436128,conversion,1004106427,,,chrome,ZA
1770542505833,1004436128,conversion,1004106427,,,safari,ZA
1770542471674,1004436128,conversion,1004106427,,,safari,ZA
1770541132451,1004436128,conversion,1004106427,,,safari,ZA
1770540218365,1004436127,conversion,1004106427,,,safari,ZA
1770540022489,1004436128,conversion,1004106427,,,safari,ZA
1770539637547,1004436127,conversion,1004106427,,,firefox,ZA
1770538202237,1004436127,conversion,1004106427,,,safari,GB
1770537981135,1004436128,conversion,1004106427,,,firefox,ZA
1770537833469,1004436127,conversion,1004106427,,,chrome,ZA
1770537775816,1004436128,conversion,1004106427,,,safari,ZA
1770537775631,1004436127,conversion,1004106427,,,chrome,ZA
1770537042077,1004436128,conversion,1004106427,,,safari,ZA
1770535512685,1004436127,conversion,1004106427,,,safari,ZA
1770533899110,1004436127,conversion,1004106427,,,chrome,ZA
1770533326213,1004436127,conversion,1004106427,,,chrome,ZA
1770532581465,1004436128,conversion,1004106427,,,chrome,ZA
1770531448116,1004436128,conversion,1004106427,,,chrome,ZA
1770531338260,1004436128,conversion,1004106427,,,edge,ZA
1770531093054,1004436127,conversion,1004106427,,,safari,ZA
1770530077540,1004436128,conversion,1004106427,,,chrome,ZA
1770528372733,1004436127,conversion,1004106427,,,safari,ZA
1770527500258,1004436128,conversion,1004106427,,,safari,ZA
1770526629419,1004436128,conversion,1004106427,,,chrome,ZA
1770525167910,1004436127,conversion,1004106427,,,safari,ZA
1770524866488,1004436127,conversion,1004106427,,,safari,ZA
1770502600083,1004436127,conversion,1004106427,,,safari,ZA
1770500447159,1004436128,conversion,1004106427,,,safari,GB
1770499567887,1004436127,conversion,1004106427,,,safari,ZA
1770497077175,1004436128,conversion,1004106427,,,chrome,US
1770496248748,1004436128,conversion,1004106427,,,chrome,ZA
1770494856366,1004436128,conversion,1004106427,,,chrome,ZA
1770494064595,1004436127,conversion,1004106427,,,chrome,ZA
1770493953299,1004436127,conversion,1004106427,,,chrome,ZA
1770491691296,1004436128,conversion,1004106427,,,safari,ZA
1770491068941,1004436128,conversion,1004106427,,,chrome,ZA
1770487626563,1004436127,conversion,1004106427,,,chrome,ZA
1770486433208,1004436128,conversion,1004106427,,,chrome,ZA
1770486165583,1004436128,conversion,1004106427,,,chrome,ZA
1770485852823,1004436127,conversion,1004106427,,,safari,ZA
1770483476883,1004436128,conversion,1004106427,,,chrome,ZA
1770482898224,1004436127,conversion,1004106427,,,safari,ZA
1770482301519,1004436127,conversion,1004106427,,,safari,ZA
1770481488641,1004436128,conversion,1004106427,,,chrome,ZA
1770480602771,1004436128,conversion,1004106427,,,chrome,ZA
1770480208193,1004436127,conversion,1004106427,,,safari,ZA
1770479936536,1004436127,conversion,1004106427,,,safari,ZA
1770479402366,1004436128,conversion,1004106427,,,safari,ZA
1770478095845,1004436128,conversion,1004106427,,,safari,ZA
1770477829593,1004436128,conversion,1004106427,,,safari,ZA
1770477087226,1004436127,conversion,1004106427,,,chrome,ZA
1770476753893,1004436127,conversion,1004106427,,,safari,ZA
1770476115620,1004436127,conversion,1004106427,,,chrome,ZA
1770476058048,1004436127,conversion,1004106427,,,chrome,ZA
1770476003576,1004436127,conversion,1004106427,,,safari,ZA
1770475343814,1004436128,conversion,1004106427,,,safari,ZA
1770474758062,1004436127,conversion,1004106427,,,safari,ZA
1770473519360,1004436128,conversion,1004106427,,,safari,ZA
1770473333322,1004436127,conversion,1004106427,,,firefox,ZA
1770473256693,1004436127,conversion,1004106427,,,chrome,ZA
1770473085732,1004436128,conversion,1004106427,,,safari,ZA
1770471870167,1004436128,conversion,1004106427,,,safari,ZA
1770471198726,1004436128,conversion,1004106427,,,firefox,ZA
1770470032980,1004436128,conversion,1004106427,,,safari,ZA
1770469034212,1004436127,conversion,1004106427,,,chrome,ZA
1770468780361,1004436128,conversion,1004106427,,,chrome,ZA
1770468524347,1004436128,conversion,1004106427,,,safari,ZA
1770468434386,1004436127,conversion,1004106427,,,safari,DE
1770468233974,1004436128,conversion,1004106427,,,safari,ZA
1770467733859,1004436128,conversion,1004106427,,,safari,ZA
1770467591419,1004436127,conversion,1004106427,,,safari,ZA
1770466358268,1004436127,conversion,1004106427,,,safari,ZA
1770465905875,1004436128,conversion,1004106427,,,safari,ZA
1770464945074,1004436128,conversion,1004106427,,,chrome,ZA
1770464464922,1004436128,conversion,1004106427,,,chrome,ZA
1770463574961,1004436127,conversion,1004106427,,,chrome,ZA
1770463513298,1004436128,conversion,1004106427,,,safari,ZA
1770462518043,1004436128,conversion,1004106427,,,safari,ZA
1770460082436,1004436127,conversion,1004106427,,,safari,ZA
1770460029581,1004436128,conversion,1004106427,,,chrome,ZA
1770459199163,1004436128,conversion,1004106427,,,safari,ZA
1770458759876,1004436128,conversion,1004106427,,,safari,ZA
1770458457814,1004436128,conversion,1004106427,,,safari,ZA
1770458078682,1004436127,conversion,1004106427,,,safari,ZA
1770457866582,1004436127,conversion,1004106427,,,chrome,ZA
1770457620616,1004436127,conversion,1004106427,,,chrome,GB
1770456948561,1004436128,conversion,1004106427,,,chrome,ZA
1770455376132,1004436128,conversion,1004106427,,,safari,ZA
1770452899752,1004436128,conversion,1004106427,,,chrome,ZA
1770452866418,1004436127,conversion,1004106427,,,chrome,ZA
1770452651816,1004436127,conversion,1004106427,,,safari,ZA
1770452191622,1004436128,conversion,1004106427,,,chrome,ZA
1770451861883,1004436127,conversion,1004106427,,,chrome,ZA
1770450185176,1004436127,conversion,1004106427,,,safari,AU
1770449507640,1004436127,conversion,1004106427,,,safari,ZA
1770447704853,1004436128,conversion,1004106427,,,edge,ZA
1770446566981,1004436128,conversion,1004106427,,,chrome,ZA
1770446547413,1004436128,conversion,1004106427,,,safari,ZA
1770446061292,1004436128,conversion,1004106427,,,safari,ZA
1770445818866,1004436127,conversion,1004106427,,,chrome,ZA
1770444189301,1004436128,conversion,1004106427,,,safari,ZA
1770443660148,1004436128,conversion,1004106427,,,safari,ZA
1770441493118,1004436128,conversion,1004106427,,,safari,ZA
1770438844555,1004436128,conversion,1004106427,,,safari,ZA
1770432864688,1004436128,conversion,1004106427,,,safari,ZA
1770418204945,1004436128,conversion,1004106427,,,chrome,ZA
1770413295212,1004436128,conversion,1004106427,,,safari,ZA
1770410459565,1004436128,conversion,1004106427,,,safari,ZA
1770408317340,1004436127,conversion,1004106427,,,chrome,ZA
1770407502190,1004436128,conversion,1004106427,,,chrome,ZA
1770405792496,1004436128,conversion,1004106427,,,chrome,ZA
1770405500820,1004436127,conversion,1004106427,,,safari,ZA
1770405366788,1004436128,conversion,1004106427,,,chrome,ZA
1770404443942,1004436128,conversion,1004106427,,,chrome,ZA
1770403544923,1004436127,conversion,1004106427,,,safari,ZA
1770401702020,1004436127,conversion,1004106427,,,chrome,ZA
1770399628526,1004436128,conversion,1004106427,,,chrome,ZA
1770398941972,1004436128,conversion,1004106427,,,safari,ZA
1770398357901,1004436128,conversion,1004106427,,,chrome,ZA
1770398356123,1004436128,conversion,1004106427,,,safari,ZA
1770398259215,1004436128,conversion,1004106427,,,safari,ZA
1770396762475,1004436128,conversion,1004106427,,,safari,ZA
1770395409904,1004436127,conversion,1004106427,,,safari,ZA
1770394899685,1004436127,conversion,1004106427,,,safari,ZA
1770394108839,1004436128,conversion,1004106427,,,chrome,ZA
1770393727283,1004436127,conversion,1004106427,,,safari,ZA
1770391438282,1004436128,conversion,1004106427,,,safari,ZA
1770389989781,1004436127,conversion,1004106427,,,safari,ZA
1770388877764,1004436127,conversion,1004106427,,,safari,ZA
1770388669917,1004436127,conversion,1004106427,,,safari,ZA
1770388643751,1004436127,conversion,1004106427,,,safari,ZA
1770388631298,1004436128,conversion,1004106427,,,chrome,ZA
1770388569349,1004436128,conversion,1004106427,,,safari,ZA
1770387618052,1004436127,conversion,1004106427,,,firefox,ZA
1770387317914,1004436128,conversion,1004106427,,,chrome,ZA
1770387177832,1004436127,conversion,1004106427,,,safari,ZA
1770386684489,1004436127,conversion,1004106427,,,safari,ZA
1770386616523,1004436127,conversion,1004106427,,,safari,ZA
1770386489285,1004436128,conversion,1004106427,,,chrome,ZA
1770386283238,1004436127,conversion,1004106427,,,chrome,ZA
1770385945953,1004436127,conversion,1004106427,,,chrome,ZA
1770385503534,1004436128,conversion,1004106427,,,safari,ZA
1770385319211,1004436127,conversion,1004106427,,,chrome,ZA
1770384944573,1004436128,conversion,1004106427,,,chrome,ZA
1770384781603,1004436128,conversion,1004106427,,,chrome,ZA
1770384636350,1004436127,conversion,1004106427,,,safari,ZA
1770384418733,1004436128,conversion,1004106427,,,chrome,ZA
1770384376304,1004436128,conversion,1004106427,,,chrome,ZA
1770384151836,1004436128,conversion,1004106427,,,chrome,ZA
1770383586774,1004436128,conversion,1004106427,,,safari,ZA
1770383504862,1004436127,conversion,1004106427,,,safari,GB
1770383374067,1004436128,conversion,1004106427,,,chrome,ZA
1770382894780,1004436127,conversion,1004106427,,,chrome,ZA
1770382318814,1004436128,conversion,1004106427,,,firefox,ZA
1770382204975,1004436128,conversion,1004106427,,,chrome,ZA
1770381689962,1004436127,conversion,1004106427,,,chrome,ZA
1770381530605,1004436128,conversion,1004106427,,,chrome,ZA
1770380741800,1004436128,conversion,1004106427,,,safari,ZA
1770379768394,1004436127,conversion,1004106427,,,chrome,ZA
1770379613226,1004436127,conversion,1004106427,,,chrome,ZA
1770379436054,1004436127,conversion,1004106427,,,safari,ZA
1770379140828,1004436127,conversion,1004106427,,,chrome,ZA
1770378866939,1004436128,conversion,1004106427,,,safari,ZA
1770378569164,1004436128,conversion,1004106427,,,chrome,ZA
1770378437053,1004436128,conversion,1004106427,,,safari,ZA
1770378396326,1004436128,conversion,1004106427,,,chrome,ZA
1770378386896,1004436127,conversion,1004106427,,,chrome,ZA
1770378286258,1004436127,conversion,1004106427,,,edge,ZA
1770377724247,1004436128,conversion,1004106427,,,chrome,ZA
1770377466087,1004436127,conversion,1004106427,,,chrome,ZA
1770377174915,1004436127,conversion,1004106427,,,safari,ZA
1770376101488,1004436128,conversion,1004106427,,,chrome,ZA
1770375855889,1004436128,conversion,1004106427,,,chrome,ZA
1770375799172,1004436128,conversion,1004106427,,,chrome,ZA
1770375189595,1004436128,conversion,1004106427,,,safari,ZA
1770374703598,1004436127,conversion,1004106427,,,safari,ZA
1770374661478,1004436127,conversion,1004106427,,,chrome,ZA
1770374647538,1004436128,conversion,1004106427,,,chrome,ZA
1770374507728,1004436128,conversion,1004106427,,,chrome,ZA
1770374392505,1004436127,conversion,1004106427,,,edge,ZA
1770374346918,1004436128,conversion,1004106427,,,chrome,ZA
1770374072099,1004436128,conversion,1004106427,,,chrome,ZA
1770373729276,1004436127,conversion,1004106427,,,safari,ZA
1770373493084,1004436127,conversion,1004106427,,,safari,ZA
1770373096731,1004436128,conversion,1004106427,,,safari,ZA
1770372934140,1004436128,conversion,1004106427,,,edge,ZA
1770372912257,1004436128,conversion,1004106427,,,safari,ZA
1770372686276,1004436127,conversion,1004106427,,,chrome,ZA
1770372575694,1004436128,conversion,1004106427,,,safari,ZA
1770372314831,1004436128,conversion,1004106427,,,chrome,ZA
1770372031793,1004436128,conversion,1004106427,,,chrome,ZA
1770371387686,1004436127,conversion,1004106427,,,safari,ZA
1770370682705,1004436127,conversion,1004106427,,,safari,ZA
1770370489689,1004436128,conversion,1004106427,,,chrome,ZA
1770370407223,1004436128,conversion,1004106427,,,safari,ZA
1770370044602,1004436127,conversion,1004106427,,,chrome,ZA
1770369771621,1004436128,conversion,1004106427,,,chrome,ZA
1770369568947,1004436128,conversion,1004106427,,,safari,ZA
1770369456708,1004436127,conversion,1004106427,,,chrome,ZA
1770369147668,1004436127,conversion,1004106427,,,safari,ZA
1770369131256,1004436128,conversion,1004106427,,,safari,ZA
1770368394282,1004436127,conversion,1004106427,,,chrome,ZA
1770368298027,1004436127,conversion,1004106427,,,safari,ZA
1770367417513,1004436127,conversion,1004106427,,,chrome,ZA
1770367201401,1004436127,conversion,1004106427,,,edge,ZA
1770366529879,1004436128,conversion,1004106427,,,safari,ZA
1770366155507,1004436127,conversion,1004106427,,,chrome,ZA
1770364795294,1004436127,conversion,1004106427,,,safari,ZA
1770363971748,1004436128,conversion,1004106427,,,chrome,ZA
1770363822649,1004436127,conversion,1004106427,,,chrome,ZA
1770362759036,1004436128,conversion,1004106427,,,safari,ZA
1770362153251,1004436127,conversion,1004106427,,,safari,ZA
1770360651463,1004436127,conversion,1004106427,,,chrome,ZA
1770360258933,1004436127,conversion,1004106427,,,safari,ZA
1770358564794,1004436127,conversion,1004106427,,,safari,ZA
1770358385250,1004436127,conversion,1004106427,,,chrome,ZA
1770357307618,1004436127,conversion,1004106427,,,chrome,ZA
1770356923568,1004436128,conversion,1004106427,,,chrome,ZA
1770356834098,1004436127,conversion,1004106427,,,chrome,ZA
1770356224429,1004436128,conversion,1004106427,,,chrome,ZA
1770356205932,1004436128,conversion,1004106427,,,chrome,ZA
1770355040873,1004436127,conversion,1004106427,,,safari,ZA
1770352326432,1004436127,conversion,1004106427,,,safari,ZA
1770352183188,1004436128,conversion,1004106427,,,safari,ZA
1770348490007,1004436127,conversion,1004106427,,,safari,ZA
1770339510705,1004436128,conversion,1004106427,,,safari,ZA
1770326910204,1004436127,conversion,1004106427,,,safari,ZA
1770326754611,1004436128,conversion,1004106427,,,chrome,ZA
1770326711961,1004436128,conversion,1004106427,,,safari,ZA
1770324855412,1004436128,conversion,1004106427,,,safari,GB
1770324497307,1004436127,conversion,1004106427,,,safari,ZA
1770324154680,1004436128,conversion,1004106427,,,safari,ZA
1770324020674,1004436127,conversion,1004106427,,,safari,ZA
1770322826486,1004436128,conversion,1004106427,,,chrome,ZA
1770322700651,1004436127,conversion,1004106427,,,safari,ZA
1770321038401,1004436127,conversion,1004106427,,,chrome,ZA
1770320981737,1004436127,conversion,1004106427,,,chrome,ZA
1770320882969,1004436128,conversion,1004106427,,,chrome,ZA
1770320668039,1004436127,conversion,1004106427,,,safari,ZA
1770320172285,1004436128,conversion,1004106427,,,safari,ZA
1770319754020,1004436127,conversion,1004106427,,,chrome,ZA
1770319383032,1004436127,conversion,1004106427,,,safari,ZA
1770318140754,1004436127,conversion,1004106427,,,safari,ZA
1770318077953,1004436127,conversion,1004106427,,,safari,ZA
1770317996622,1004436128,conversion,1004106427,,,chrome,ZA
1770317965517,1004436128,conversion,1004106427,,,safari,ZA
1770316643923,1004436128,conversion,1004106427,,,safari,ZA
1770316072756,1004436127,conversion,1004106427,,,safari,ZA
1770315931992,1004436128,conversion,1004106427,,,edge,ZA
1770315494647,1004436128,conversion,1004106427,,,chrome,ZA
1770315489521,1004436127,conversion,1004106427,,,chrome,ZA
1770315149896,1004436128,conversion,1004106427,,,chrome,ZA
1770314990997,1004436128,conversion,1004106427,,,safari,ZA
1770314286750,1004436127,conversion,1004106427,,,safari,GB
1770314258958,1004436128,conversion,1004106427,,,chrome,ZA
1770314133664,1004436127,conversion,1004106427,,,safari,ZA
1770314039991,1004436127,conversion,1004106427,,,safari,ZA
1770313391927,1004436128,conversion,1004106427,,,safari,AE
1770313172726,1004436128,conversion,1004106427,,,safari,ZA
1770313022046,1004436127,conversion,1004106427,,,chrome,ZA
1770312018672,1004436128,conversion,1004106427,,,safari,ZA
1770311178447,1004436128,conversion,1004106427,,,chrome,ZA
1770311142078,1004436127,conversion,1004106427,,,safari,ZA
1770311126320,1004436127,conversion,1004106427,,,chrome,ZA
1770310892742,1004436128,conversion,1004106427,,,safari,NL
1770310625197,1004436127,conversion,1004106427,,,safari,ZA
1770310473451,1004436127,conversion,1004106427,,,chrome,ZA
1770310000943,1004436128,conversion,1004106427,,,safari,ZA
1770307701474,1004436127,conversion,1004106427,,,chrome,ZA
1770307352299,1004436128,conversion,1004106427,,,chrome,ZA
1770307284199,1004436127,conversion,1004106427,,,chrome,ZA
1770306767312,1004436128,conversion,1004106427,,,chrome,ZA
1770305272224,1004436127,conversion,1004106427,,,chrome,ZA
1770303560565,1004436128,conversion,1004106427,,,safari,ZA
1770303374812,1004436128,conversion,1004106427,,,safari,ZA
1770303029730,1004436128,conversion,1004106427,,,safari,ZA
1770303013952,1004436127,conversion,1004106427,,,safari,ZA
1770302963896,1004436127,conversion,1004106427,,,chrome,ZA
1770302678362,1004436128,conversion,1004106427,,,edge,ZA
1770302650893,1004436127,conversion,1004106427,,,chrome,ZA
1770302328700,1004436128,conversion,1004106427,,,chrome,ZA
1770301624116,1004436127,conversion,1004106427,,,chrome,ZA
1770301105702,1004436127,conversion,1004106427,,,safari,ZA
1770300605713,1004436128,conversion,1004106427,,,edge,ZA
1770300562440,1004436127,conversion,1004106427,,,chrome,ZA
1770299618216,1004436127,conversion,1004106427,,,chrome,ZA
1770299119430,1004436128,conversion,1004106427,,,safari,BH
1770298083571,1004436127,conversion,1004106427,,,chrome,ZA
1770297318601,1004436127,conversion,1004106427,,,safari,ZA
1770297187520,1004436127,conversion,1004106427,,,chrome,ZA
1770296247493,1004436128,conversion,1004106427,,,safari,ZA
1770296060287,1004436127,conversion,1004106427,,,chrome,ZA
1770294325486,1004436128,conversion,1004106427,,,edge,ZA
1770293954825,1004436127,conversion,1004106427,,,chrome,ZA
1770293824940,1004436128,conversion,1004106427,,,chrome,ZA
1770293746352,1004436128,conversion,1004106427,,,safari,ZA
1770292994600,1004436127,conversion,1004106427,,,chrome,ZA
1770292825414,1004436127,conversion,1004106427,,,chrome,ZA
1770292596685,1004436127,conversion,1004106427,,,edge,ZA
1770292435601,1004436127,conversion,1004106427,,,chrome,ZA
1770292300594,1004436128,conversion,1004106427,,,chrome,ZA
1770292191131,1004436128,conversion,1004106427,,,safari,ZA
1770292063848,1004436128,conversion,1004106427,,,chrome,ZA
1770291745855,1004436127,conversion,1004106427,,,safari,ZA
1770291449552,1004436128,conversion,1004106427,,,chrome,ZA
1770291258689,1004436127,conversion,1004106427,,,chrome,ZA
1770291078060,1004436128,conversion,1004106427,,,chrome,ZA
1770290784070,1004436127,conversion,1004106427,,,firefox,ZA
1770290731930,1004436127,conversion,1004106427,,,safari,ZA
1770290108254,1004436128,conversion,1004106427,,,safari,GB
1770289530049,1004436127,conversion,1004106427,,,chrome,ZA
1770288797253,1004436128,conversion,1004106427,,,chrome,ZA
1770287278059,1004436127,conversion,1004106427,,,safari,ZA
1770286969546,1004436128,conversion,1004106427,,,chrome,ZA
1770286593127,1004436127,conversion,1004106427,,,safari,ZA
1770286426178,1004436127,conversion,1004106427,,,safari,ZA
1770286402363,1004436128,conversion,1004106427,,,edge,ZA
1770286275197,1004436128,conversion,1004106427,,,edge,ZA
1770285252489,1004436128,conversion,1004106427,,,chrome,ZA
1770285136963,1004436127,conversion,1004106427,,,chrome,ZA
1770284998229,1004436128,conversion,1004106427,,,chrome,ZA
1770284737131,1004436128,conversion,1004106427,,,edge,ZA
1770284553570,1004436128,conversion,1004106427,,,chrome,ZA
1770284368373,1004436127,conversion,1004106427,,,safari,ZA
1770283845067,1004436127,conversion,1004106427,,,safari,ZA
1770283678045,1004436128,conversion,1004106427,,,chrome,ZA
1770283371760,1004436128,conversion,1004106427,,,safari,ZA
1770283122584,1004436127,conversion,1004106427,,,safari,ZA
1770282918544,1004436127,conversion,1004106427,,,chrome,ZA
1770282893533,1004436127,conversion,1004106427,,,safari,ZA
1770282836636,1004436128,conversion,1004106427,,,safari,ZA
1770282611781,1004436128,conversion,1004106427,,,chrome,ZA
1770282541316,1004436128,conversion,1004106427,,,safari,ZA
1770282319136,1004436128,conversion,1004106427,,,safari,ZA
1770282307659,1004436127,conversion,1004106427,,,safari,ZA
1770282206382,1004436128,conversion,1004106427,,,safari,ZA
1770282123363,1004436127,conversion,1004106427,,,chrome,ZA
1770282045294,1004436127,conversion,1004106427,,,chrome,ZA
1770281901421,1004436127,conversion,1004106427,,,chrome,ZA
1770281298075,1004436128,conversion,1004106427,,,chrome,ZA
1770281101530,1004436127,conversion,1004106427,,,firefox,ZA
1770281024085,1004436128,conversion,1004106427,,,chrome,ZA
1770280628603,1004436127,conversion,1004106427,,,chrome,ZA
1770280275690,1004436127,conversion,1004106427,,,chrome,ZA
1770280042415,1004436127,conversion,1004106427,,,safari,ZA
1770280039232,1004436127,conversion,1004106427,,,chrome,ZA
1770279813097,1004436128,conversion,1004106427,,,safari,ZA
1770279552932,1004436128,conversion,1004106427,,,chrome,ZA
1770279356084,1004436128,conversion,1004106427,,,edge,ZA
1770279155476,1004436127,conversion,1004106427,,,safari,ZA
1770279073217,1004436127,conversion,1004106427,,,chrome,ZA
1770278681866,1004436128,conversion,1004106427,,,chrome,ZA
1770278059829,1004436128,conversion,1004106427,,,edge,ZA
1770277929127,1004436127,conversion,1004106427,,,chrome,ZA
1770277921960,1004436127,conversion,1004106427,,,chrome,ZA
1770277848140,1004436127,conversion,1004106427,,,chrome,ZA
1770277522994,1004436128,conversion,1004106427,,,chrome,ZA
1770277265604,1004436127,conversion,1004106427,,,firefox,ZA
1770276404070,1004436127,conversion,1004106427,,,chrome,ZA
1770276351685,1004436127,conversion,1004106427,,,chrome,ZA
1770276327267,1004436127,conversion,1004106427,,,chrome,ZA
1770275926441,1004436127,conversion,1004106427,,,chrome,ZA
1770275802112,1004436127,conversion,1004106427,,,safari,ZA
1770275243939,1004436127,conversion,1004106427,,,safari,ZA
1770275220407,1004436128,conversion,1004106427,,,safari,ZA
1770274749215,1004436127,conversion,1004106427,,,safari,ZA
1770274100081,1004436127,conversion,1004106427,,,safari,ZA
1770273852314,1004436127,conversion,1004106427,,,safari,ZA
1770273484982,1004436128,conversion,1004106427,,,safari,ZA
1770272960896,1004436128,conversion,1004106427,,,chrome,ZA
1770272237830,1004436128,conversion,1004106427,,,safari,ZA
1770271219180,1004436127,conversion,1004106427,,,chrome,ZA
1770270765294,1004436128,conversion,1004106427,,,chrome,ZA
1770270499209,1004436128,conversion,1004106427,,,safari,ZA
1770270495825,1004436128,conversion,1004106427,,,safari,AU
1770270045101,1004436128,conversion,1004106427,,,safari,ZA
1770269975846,1004436127,conversion,1004106427,,,chrome,ZA
1770269261551,1004436127,conversion,1004106427,,,chrome,ZA
1770269171509,1004436127,conversion,1004106427,,,safari,ZA
1770268372547,1004436128,conversion,1004106427,,,edge,ZA
1770267094219,1004436127,conversion,1004106427,,,firefox,NA
1770266567951,1004436128,conversion,1004106427,,,safari,ZA
1770264550638,1004436127,conversion,1004106427,,,chrome,ZA
1770263707788,1004436127,conversion,1004106427,,,safari,ZA
1770262751411,1004436128,conversion,1004106427,,,safari,ZA
1770256913691,1004436127,conversion,1004106427,,,safari,ZA
1770248869041,1004436127,conversion,1004106427,,,chrome,ZA
1770248726576,1004436128,conversion,1004106427,,,chrome,ZA
1770240351494,1004436128,conversion,1004106427,,,safari,ZA
1770238843732,1004436128,conversion,1004106427,,,safari,ZA
1770238687910,1004436127,conversion,1004106427,,,safari,ZA
1770238612769,1004436128,conversion,1004106427,,,safari,ZA
1770236499553,1004436128,conversion,1004106427,,,safari,ZA
1770236185256,1004436127,conversion,1004106427,,,safari,ZA
1770236028465,1004436127,conversion,1004106427,,,safari,ZA
1770235900730,1004436127,conversion,1004106427,,,safari,ZA
1770235698407,1004436128,conversion,1004106427,,,safari,ZA
1770235254576,1004436127,conversion,1004106427,,,chrome,ZA
1770233957338,1004436128,conversion,1004106427,,,chrome,ZA
1770232907032,1004436127,conversion,1004106427,,,safari,ZA
1770232553374,1004436127,conversion,1004106427,,,safari,ZA
1770231938372,1004436128,conversion,1004106427,,,chrome,ZA
1770231835106,1004436128,conversion,1004106427,,,safari,ZA
1770231532184,1004436128,conversion,1004106427,,,safari,ZA
1770231469936,1004436128,conversion,1004106427,,,chrome,ZA
1770231157452,1004436127,conversion,1004106427,,,safari,ZA
1770230653150,1004436127,conversion,1004106427,,,chrome,ZA
1770230479607,1004436127,conversion,1004106427,,,safari,ZA
1770230176923,1004436128,conversion,1004106427,,,safari,ZA
1770230153396,1004436127,conversion,1004106427,,,safari,ZA
1770230003828,1004436127,conversion,1004106427,,,safari,ZA
1770229523239,1004436127,conversion,1004106427,,,chrome,ZA
1770229346754,1004436128,conversion,1004106427,,,chrome,ZA
1770229338019,1004436128,conversion,1004106427,,,safari,ZA
1770229232127,1004436127,conversion,1004106427,,,chrome,ZA
1770228483338,1004436128,conversion,1004106427,,,safari,ZA
1770227946939,1004436128,conversion,1004106427,,,safari,ZA
1770227930685,1004436127,conversion,1004106427,,,safari,ZA
1770227896515,1004436127,conversion,1004106427,,,chrome,ZA
1770227367947,1004436127,conversion,1004106427,,,safari,ZA
1770226510717,1004436127,conversion,1004106427,,,safari,ZA
1770226371164,1004436128,conversion,1004106427,,,chrome,ZA
1770226251744,1004436128,conversion,1004106427,,,safari,ZA
1770226055490,1004436127,conversion,1004106427,,,safari,ZA
1770225906967,1004436128,conversion,1004106427,,,safari,ZA
1770225217674,1004436127,conversion,1004106427,,,safari,ZA
1770224983792,1004436127,conversion,1004106427,,,chrome,ZA
1770224916093,1004436128,conversion,1004106427,,,safari,ZA
1770224612736,1004436128,conversion,1004106427,,,chrome,ZA
1770224607252,1004436128,conversion,1004106427,,,safari,ZA
1770224579756,1004436127,conversion,1004106427,,,safari,ZA
1770224494498,1004436128,conversion,1004106427,,,edge,ZA
1770224126590,1004436128,conversion,1004106427,,,edge,ZA
1770223493005,1004436127,conversion,1004106427,,,safari,ZA
1770223156959,1004436128,conversion,1004106427,,,chrome,ZA
1770222832960,1004436128,conversion,1004106427,,,safari,ZA
1770222493092,1004436128,conversion,1004106427,,,safari,ZA
1770222356822,1004436128,conversion,1004106427,,,safari,BH
1770221659513,1004436128,conversion,1004106427,,,chrome,ZA
1770221306323,1004436127,conversion,1004106427,,,safari,ZA
1770221285538,1004436127,conversion,1004106427,,,safari,ZA
1770220400390,1004436128,conversion,1004106427,,,edge,ZA
1770219986684,1004436127,conversion,1004106427,,,chrome,ZA
1770219966716,1004436127,conversion,1004106427,,,safari,ZA
1770219723949,1004436128,conversion,1004106427,,,safari,ZA
1770218867974,1004436127,conversion,1004106427,,,chrome,ZA
1770218270007,1004436127,conversion,1004106427,,,safari,ZA
1770218149091,1004436127,conversion,1004106427,,,chrome,ZA
1770218085271,1004436127,conversion,1004106427,,,safari,ZA
1770217640108,1004436128,conversion,1004106427,,,chrome,ZA
1770216559358,1004436128,conversion,1004106427,,,chrome,ZA
1770215869865,1004436127,conversion,1004106427,,,safari,ZA
1770215284805,1004436128,conversion,1004106427,,,edge,ZA
1770214980199,1004436128,conversion,1004106427,,,safari,ZA
1770214387215,1004436128,conversion,1004106427,,,chrome,ZA
1770214369094,1004436128,conversion,1004106427,,,chrome,ZA
1770213673566,1004436127,conversion,1004106427,,,chrome,ZA
1770213416361,1004436127,conversion,1004106427,,,chrome,ZA
1770213312026,1004436127,conversion,1004106427,,,chrome,ZA
1770212879537,1004436127,conversion,1004106427,,,edge,ZA
1770212786361,1004436128,conversion,1004106427,,,edge,ZA
1770212584797,1004436127,conversion,1004106427,,,edge,ZA
1770212125803,1004436127,conversion,1004106427,,,edge,ZA
1770211741357,1004436127,conversion,1004106427,,,chrome,ZA
1770211208798,1004436128,conversion,1004106427,,,safari,ZA
1770210643569,1004436128,conversion,1004106427,,,chrome,ZA
1770210493501,1004436127,conversion,1004106427,,,chrome,ZA
1770210395336,1004436127,conversion,1004106427,,,chrome,ZA
1770209809206,1004436128,conversion,1004106427,,,chrome,ZA
1770209514565,1004436127,conversion,1004106427,,,chrome,ZA
1770208796851,1004436127,conversion,1004106427,,,chrome,ZA
1770208164032,1004436128,conversion,1004106427,,,safari,ZA
1770207873537,1004436128,conversion,1004106427,,,safari,ZA
1770207565995,1004436127,conversion,1004106427,,,safari,ZA
1770207551515,1004436128,conversion,1004106427,,,chrome,ZA
1770207391620,1004436128,conversion,1004106427,,,chrome,ZA
1770207207451,1004436128,conversion,1004106427,,,chrome,ZA
1770207196627,1004436127,conversion,1004106427,,,chrome,ZA
1770207095929,1004436127,conversion,1004106427,,,chrome,ZA
1770206949782,1004436127,conversion,1004106427,,,safari,ZA
1770206698979,1004436128,conversion,1004106427,,,safari,ZA
1770205853059,1004436127,conversion,1004106427,,,chrome,ZA
1770205680855,1004436128,conversion,1004106427,,,edge,ZA
1770205661853,1004436127,conversion,1004106427,,,safari,ZA
1770205329145,1004436127,conversion,1004106427,,,safari,ZA
1770205126519,1004436128,conversion,1004106427,,,edge,ZA
1770204824992,1004436127,conversion,1004106427,,,safari,ZA
1770204805581,1004436128,conversion,1004106427,,,chrome,GB
1770204691773,1004436127,conversion,1004106427,,,chrome,ZA
1770204529317,1004436127,conversion,1004106427,,,chrome,ZA
1770204462839,1004436127,conversion,1004106427,,,safari,ZA
1770204175512,1004436127,conversion,1004106427,,,safari,ZA
1770204059026,1004436128,conversion,1004106427,,,chrome,ZA
1770203457081,1004436128,conversion,1004106427,,,chrome,ZA
1770203065620,1004436128,conversion,1004106427,,,edge,ZA
1770202562280,1004436128,conversion,1004106427,,,chrome,ZA
1770202310212,1004436127,conversion,1004106427,,,chrome,ZA
1770202097113,1004436128,conversion,1004106427,,,edge,ZA
1770202027230,1004436128,conversion,1004106427,,,safari,ZA
1770201895665,1004436128,conversion,1004106427,,,chrome,ZA
1770201810329,1004436127,conversion,1004106427,,,chrome,ZA
1770201464361,1004436128,conversion,1004106427,,,chrome,ZA
1770201141177,1004436127,conversion,1004106427,,,chrome,ZA
1770200950605,1004436127,conversion,1004106427,,,safari,ZA
1770200676975,1004436128,conversion,1004106427,,,chrome,ZA
1770200670165,1004436127,conversion,1004106427,,,edge,ZA
1770200409091,1004436127,conversion,1004106427,,,chrome,ZA
1770200150899,1004436127,conversion,1004106427,,,edge,ZA
1770200056163,1004436128,conversion,1004106427,,,chrome,ZA
1770199800716,1004436127,conversion,1004106427,,,chrome,ZA
1770199688778,1004436127,conversion,1004106427,,,safari,ZA
1770199282602,1004436127,conversion,1004106427,,,chrome,ZA
1770199244791,1004436127,conversion,1004106427,,,safari,ZA
1770199222344,1004436127,conversion,1004106427,,,chrome,ZA
1770199186341,1004436128,conversion,1004106427,,,chrome,NZ
1770198979647,1004436128,conversion,1004106427,,,safari,ZA
1770198962378,1004436127,conversion,1004106427,,,chrome,ZA
1770198914890,1004436128,conversion,1004106427,,,safari,ZA
1770198864430,1004436127,conversion,1004106427,,,firefox,ZA
1770198519445,1004436128,conversion,1004106427,,,chrome,ZA
1770198005274,1004436128,conversion,1004106427,,,chrome,ZA
1770197558379,1004436127,conversion,1004106427,,,chrome,ZA
1770197515029,1004436127,conversion,1004106427,,,safari,ZA
1770197249236,1004436128,conversion,1004106427,,,chrome,ZA
1770197055786,1004436127,conversion,1004106427,,,chrome,ZA
1770196838456,1004436127,conversion,1004106427,,,safari,ZA
1770196812602,1004436127,conversion,1004106427,,,chrome,ZA
1770196537163,1004436128,conversion,1004106427,,,chrome,ZA
1770196297141,1004436127,conversion,1004106427,,,chrome,ZA
1770196078411,1004436127,conversion,1004106427,,,safari,ZA
1770196058361,1004436127,conversion,1004106427,,,edge,ZA
1770196003607,1004436127,conversion,1004106427,,,edge,ZA
1770195741850,1004436128,conversion,1004106427,,,chrome,ZA
1770195260408,1004436127,conversion,1004106427,,,safari,ZA
1770195219780,1004436128,conversion,1004106427,,,safari,ZA
1770194963847,1004436127,conversion,1004106427,,,chrome,ZA
1770194940123,1004436128,conversion,1004106427,,,edge,ZA
1770194613618,1004436128,conversion,1004106427,,,chrome,ZA
1770194556720,1004436127,conversion,1004106427,,,chrome,ZA
1770194512377,1004436127,conversion,1004106427,,,edge,ZA
1770194471139,1004436127,conversion,1004106427,,,safari,ZA
1770194346624,1004436128,conversion,1004106427,,,chrome,ZA
1770194060514,1004436127,conversion,1004106427,,,safari,ZA
1770194036811,1004436128,conversion,1004106427,,,edge,ZA
1770193455394,1004436128,conversion,1004106427,,,safari,ZA
1770193272408,1004436127,conversion,1004106427,,,chrome,ZA
1770193256043,1004436127,conversion,1004106427,,,safari,ZA
1770193177014,1004436128,conversion,1004106427,,,safari,ZA
1770193094854,1004436127,conversion,1004106427,,,chrome,ZA
1770193010163,1004436127,conversion,1004106427,,,safari,ZA
1770192776907,1004436128,conversion,1004106427,,,chrome,ZA
1770192442318,1004436128,conversion,1004106427,,,edge,ZA
1770192341608,1004436127,conversion,1004106427,,,safari,ZA
1770192111826,1004436127,conversion,1004106427,,,chrome,ZA
1770192086749,1004436128,conversion,1004106427,,,safari,ZA
1770191919633,1004436127,conversion,1004106427,,,chrome,ZA
1770191664086,1004436128,conversion,1004106427,,,chrome,BD
1770191606551,1004436128,conversion,1004106427,,,safari,DK
1770191590856,1004436127,conversion,1004106427,,,safari,ZA
1770191446296,1004436128,conversion,1004106427,,,chrome,BD
1770191305543,1004436127,conversion,1004106427,,,edge,ZA
1770190828214,1004436127,conversion,1004106427,,,chrome,ZA
